"date","isin","cusip","ticker_raw","name","sector","asset_class","mkt_val","weight","shares","price","currency","exchange","country"
"2025-12-01","US0970232049","097023204","BA","BOEING CO","Industrial","Equity",557421671.25,3.96268,8954565,62.25,"USD","-","United States"
"2025-12-01","US9497468044","949746804","WFC","WELLS FARGO & COMPANY SERIES L","Financial Institutions","Equity",329916156.5,2.34536,270091,1221.5,"USD","NYSE","United States"
"2025-12-01","US1730802014","173080201","C","CITIGROUP CAPITAL XIII","Financial Institutions","Equity",211076622.45,1.50053,7000883,30.15,"USD","NYSE","United States"
"2025-12-01","US5949728530","594972853","MSTR","MICROSTRATEGY  PERP STRETCH PRF SE","Industrial","Equity",210447025.94,1.49606,2182834,96.41,"USD","Non-Nms Quotation Service (Nnqs)","United States"
"2025-12-01","US48251W5004","48251W500","KKR","KKR & CO INC","Financial Institutions","Equity",200223207.45,1.42338,4032693,49.65,"USD","-","United States"
"2025-12-01","US0126532003","012653200","ALB","ALBEMARLE CORP","Industrial","Equity",194426317.44,1.38217,3584556,54.24,"USD","NYSE","United States"
"2025-12-01","US0605056821","060505682","BAC","BANK OF AMERICA CORP","Financial Institutions","Equity",192696250,1.36987,154157,1250,"USD","NYSE","United States"
"2025-12-01","US65339F6631","65339F663","NEE","NEXTERA ENERGY UNITS INC","Utility","Equity",166915831.95,1.1866,3117009,53.55,"USD","Non-Nms Quotation Service (Nnqs)","United States"
"2025-12-01","US03769M3043","03769M304","APO","APOLLO GLOBAL MANAGEMENT INC","Financial Institutions","Equity",154470339.8,1.09812,2240324,68.95,"USD","-","United States"
"2025-12-01","US0669224778","066922477","XTSLA","BLK CSH FND TREASURY SL AGENCY","Cash and/or Derivatives","Money Market",150546987.96,1.07023,150546988,1,"USD","-","United States"
"2025-12-01","US48128B6487","48128B648","JPM","JPMORGAN CHASE & CO","Financial Institutions","Equity",145778358.72,1.03633,5766549,25.28,"USD","-","United States"
"2025-12-01","US42824C2089","42824C208","HPE","HEWLETT PACKARD ENTERPRISE CONV PR","Industrial","Equity",142723788.9,1.01462,2337818,61.05,"USD","Non-Nms Quotation Service (Nnqs)","United States"
"2025-12-01","US48128B6552","48128B655","JPM","JPMORGAN CHASE & CO","Financial Institutions","Equity",132287520.42,0.94043,5287271,25.02,"USD","NYSE","United States"
"2025-12-01","US65339F1194","65339F119","NEE","NEXTERA ENERGY UNITS INC","Utility","Equity",117872783.56,0.83795,2337818,50.42,"USD","Non-Nms Quotation Service (Nnqs)","United States"
"2025-12-01","US03990B3096","03990B309","ARES","ARES MANAGEMENT CORP","Financial Institutions","Equity",117826027.2,0.83762,2337818,50.4,"USD","-","United States"
"2025-12-01","US5950173022","595017302","MCHP","MICROCHIP TECHNOLOGY INCORPORATED","Industrial","Equity",117592326.74,0.83596,2314354,50.81,"USD","Non-Nms Quotation Service (Nnqs)","United States"
"2025-12-01","US48128B5497","48128B549","JPM","JPMORGAN CHASE NON-CUMULATIVE PREF","Financial Institutions","Equity",113774011.77,0.80881,5766549,19.73,"USD","NYSE","United States"
"2025-12-01","US48128B5232","48128B523","JPM","JPMORGAN CHASE AND CO DS REPSTG  T","Financial Institutions","Equity",113460583.6,0.80659,6234098,18.2,"USD","NYSE","United States"
"2025-12-01","US00206R7061","00206R706","T","AT&T INC","Industrial","Equity",103150797.48,0.73329,5454828,18.91,"USD","-","United States"
"2025-12-01","US5949728795","594972879","MSTR","MICROSTRATEGY  PERP STRIFE PRF SER","Industrial","Equity",102877093.75,0.73135,968255,106.25,"USD","Non-Nms Quotation Service (Nnqs)","United States"
"2025-12-01","US94988U1512","94988U151","WFC","WELLS FARGO & COMPANY","Financial Institutions","Equity",102589945.64,0.72931,5348798,19.18,"USD","-","United States"
"2025-12-01","US69331C3060","69331C306","PCG","PG&E CORPORATION","Utility","Equity",101019345.24,0.71814,2509174,40.26,"USD","-","United States"
"2025-12-01","US00206R3003","00206R300","T","AT&T INC","Industrial","Equity",92587531.8,0.6582,4122330,22.46,"USD","-","United States"
"2025-12-01","US5949728878","594972887","MSTR","MICROSTRATEGY INCORPORATED","Industrial","Equity",90644682.72,0.64439,1083748,83.64,"USD","-","United States"
"2025-12-01","US48128B5802","48128B580","JPM","JPMORGAN CHASE DRC","Financial Institutions","Equity",90567088.69,0.64384,4675637,19.37,"USD","NYSE","United States"
"2025-12-01","US14040H8245","14040H824","COF","CAPITAL ONE FINANCIAL CORPORATION","Financial Institutions","Equity",89117622.16,0.63353,4675636,19.06,"USD","-","United States"
"2025-12-01","US61762V8384","61762V838","MS","MORGAN STANLEY","Financial Institutions","Equity",82008506.79,0.58299,3117009,26.31,"USD","-","United States"
"2025-12-01","US38144G8042","38144G804","GS","GOLDMAN SACHS GROUP INC","Financial Institutions","Equity",81088449.05,0.57645,4208015,19.27,"USD","NYSE","United States"
"2025-12-01","US61762V8533","61762V853","MS","MORGAN STANLEY","Financial Institutions","Equity",80356492.02,0.57125,3117009,25.78,"USD","-","United States"
"2025-12-01","US1167942077","116794207","BRKR","BRUKER CORPORATION","Industrial","Equity",78985244.72,0.5615,215078,367.24,"USD","-","United States"
"2025-12-01","US61761J4067","61761J406","MS","MORGAN STANLEY DS REPRESENTING   F","Financial Institutions","Equity",78517481.9,0.55818,3117010,25.19,"USD","NYSE","United States"
"2025-12-01","US26441C5013","26441C501","DUK","DUKE ENERGY CORP","Utility","Equity",77332993.29,0.54976,3117009,24.81,"USD","NYSE","United States"
"2025-12-01","US61762V6065","61762V606","MS","MORGAN STANLEY","Financial Institutions","Equity",76709000.85,0.54532,3116985,24.61,"USD","NYSE","United States"
"2025-12-01","US5949728613","594972861","MSTR","MICROSTRATEGY  PERP STRIDE SER A P","Industrial","Equity",75759962.26,0.53857,976414,77.59,"USD","-","United States"
"2025-12-01","US10950A2050","10950A205","BTSG","BRIGHTSPRING HEALTH SERVICES UNITS","Industrial","Equity",75676875.2,0.53798,623368,121.4,"USD","NASDAQ","United States"
"2025-12-01","US0200028381","020002838","ALL","ALLSTATE CORPORATION (THE)","Financial Institutions","Equity",75454903.8,0.53641,3584556,21.05,"USD","-","United States"
"2025-12-01","US00206R5081","00206R508","T","AT&T INC","Industrial","Equity",74547268.15,0.52995,3740455,19.93,"USD","-","United States"
"2025-12-01","US61762V8616","61762V861","MS","MORGAN STANLEY","Financial Institutions","Equity",70871246.49,0.50382,4052101,17.49,"USD","-","United States"
"2025-12-01","US14040H7825","14040H782","COF","CAPITAL ONE FINANCIAL CORPORATION","Financial Institutions","Equity",70834334.04,0.50356,3896278,18.18,"USD","-","United States"
"2025-12-01","US82452J3077","82452J307","FOUR","SHIFT4 PAYMENTS INC","Industrial","Equity",70110664.03,0.49841,779268,89.97,"USD","-","United States"
"2025-12-01","US98389B8789","98389B878","XEL","XCEL ENERGY INC","Utility","Equity",70109445,0.4984,2805500,24.99,"USD","-","United States"
"2025-12-01","US61762V2007","61762V200","MS","MORGAN STANLEY","Financial Institutions","Equity",68878422.06,0.48965,2688463,25.62,"USD","NYSE","United States"
"2025-12-01","US65339K8374","65339K837","NEE","NEXTERA ENERGY CAPITAL HOLDINGS IN","Utility","Equity",68586565,0.48758,2727100,25.15,"USD","-","United States"
"2025-12-01","US61747S5047","61747S504","MS","MORGAN STANLEY","Financial Institutions","Equity",67546040.1,0.48018,3428733,19.7,"USD","NYSE","United States"
"2025-12-01","US0605052291","060505229","BAC","BANK OF AMERICA CORP","Financial Institutions","Equity",67517187,0.47998,2684580,25.15,"USD","NYSE","United States"
"2025-12-01","US61763E2072","61763E207","MS","MORGAN STANLEY DS","Financial Institutions","Equity",67096890.73,0.47699,2649433,25.32,"USD","NYSE","United States"
"2025-12-01","US04686J8615","04686J861","ATH","ATHENE HOLDING DS REPRESENTING   P","Financial Institutions","Equity",66270588.3,0.47111,2688462,24.65,"USD","NYSE","United States"
"2025-12-01","US8425878001","842587800","SO","SOUTHERN COMPANY (THE)","Utility","Equity",62433690.27,0.44384,3117009,20.03,"USD","-","United States"
"2025-12-01","US59156R8503","59156R850","MET","METLIFE INC","Financial Institutions","Equity",61343048.82,0.43608,3117009,19.68,"USD","-","United States"
"2025-12-01","US55261F8648","55261F864","MTB","M T BK DEP INT PERP PFD STK SER J","Financial Institutions","Equity",61321018.6,0.43593,2337820,26.23,"USD","Non-Nms Quotation Service (Nnqs)","United States"
"2025-12-01","US06053U6010","06053U601","BAC","BANK AMER DS REPRESENTING   NON CU","Financial Institutions","Equity",60544493.1,0.43041,2745782,22.05,"USD","NYSE","United States"
"2025-12-01","US59156R8768","59156R876","MET","METLIFE INC","Financial Institutions","Equity",58865222.04,0.41847,2509174,23.46,"USD","-","United States"
"2025-12-01","US8085136005","808513600","SCHW","CHARLES SCHWAB CORPORATION (THE)","Financial Institutions","Equity",58329033.15,0.41466,2337837,24.95,"USD","-","United States"
"2025-12-01","US74913G8814","74913G881","CTL","QWEST CORP","Industrial","Equity",57495908.76,0.40874,3046948,18.87,"USD","-","United States"
"2025-12-01","US94988U1280","94988U128","WFC","WELLS FARGO & COMPANY","Financial Institutions","Equity",57450370.25,0.40841,3047765,18.85,"USD","-","United States"
"2025-12-01","US9029731554","902973155","USB","US BANCORP","Financial Institutions","Equity",57228358.68,0.40683,3117013,18.36,"USD","NYSE","United States"
"2025-12-01","US48128B6222","48128B622","JPM","JPMORGAN CHASE & CO","Financial Institutions","Equity",56808519.75,0.40385,2805359,20.25,"USD","-","United States"
"2025-12-01","US00775V1044","00775V104","AEGON","AEGON FUNDING CORPORATION II","Financial Institutions","Equity",56714156.94,0.40318,2883282,19.67,"USD","-","Netherlands"
"2025-12-01","US0357108705","035710870","NLY","ANNALY CAPITAL MANAGEMENT INC","Financial Institutions","Equity",56533715.48,0.4019,2244292,25.19,"USD","-","United States"
"2025-12-01","US7593518852","759351885","RGA","REINSURANCE GROUP OF AMERICA INCOR","Financial Institutions","Equity",55885004.8,0.39728,2183008,25.6,"USD","-","United States"
"2025-12-01","US95002Y4008","95002Y400","WFC","WELLS FARGO & COMPANY","Financial Institutions","Equity",55550651.93,0.39491,3250477,17.09,"USD","-","United States"
"2025-12-01","US89832Q6952","89832Q695","TFC","TRUIST FINANCIAL DRC CORP","Financial Institutions","Equity",54551733.28,0.38781,2883284,18.92,"USD","NYSE","United States"
"2025-12-01","US0605051798","060505179","BAC","BANK OF AMERICA CORP","Financial Institutions","Equity",53919837.3,0.38331,2081847,25.9,"USD","-","United States"
"2025-12-01","US06055H2022","06055H202","BAC","BANK OF AMERICA CORPORATION DEPOSI","Financial Institutions","Equity",52711759.18,0.37473,2581379,20.42,"USD","NYSE","United States"
"2025-12-01","US8168516040","816851604","SRE","SEMPRA ENERGY","Utility","Equity",51614017.62,0.36692,2361117,21.86,"USD","-","United States"
"2025-12-01","US65339K8606","65339K860","NEE","NEXTERA ENERGY CAPITAL HOLDINGS IN","Utility","Equity",51260512.16,0.36441,2142998,23.92,"USD","-","United States"
"2025-12-01","US3453708378","345370837","F","FORD MOTOR COMPANY","Industrial","Equity",51119640.5,0.36341,2493641,20.5,"USD","-","United States"
"2025-12-01","US29452E2000","29452E200","EQH","EQUITABLE HLDNGS  DRC REPRESENTING","Financial Institutions","Equity",50027296.35,0.35564,2495127,20.05,"USD","NYSE","United States"
"2025-12-01","US0200027888","020002788","ALL","ALLSTATE DEP REPSTG  TH NON CUM PE","Financial Institutions","Equity",49599639.96,0.3526,1870273,26.52,"USD","Non-Nms Quotation Service (Nnqs)","United States"
"2025-12-01","US3453708451","345370845","F","FORD MOTOR COMPANY","Industrial","Equity",49094178,0.34901,2337818,21,"USD","-","United States"
"2025-12-01","US03769M2052","03769M205","APO","APOLLO GLOBAL MANAGEMENT INC","Financial Institutions","Equity",48720611.65,0.34635,1870273,26.05,"USD","-","United States"
"2025-12-01","US95002Y2028","95002Y202","WFC","WELLS FARGO & COMPANY","Financial Institutions","Equity",47609727.69,0.33846,2709717,17.57,"USD","NYSE","United States"
"2025-12-01","US82846H5046","82846H504","QXO","QXO INC","Industrial","Equity",47461904.64,0.3374,896184,52.96,"USD","-","United States"
"2025-12-01","US2333317921","233331792","DTE","DTE ENERGY COMPANY","Utility","Equity",46812933.19,0.33279,1870273,25.03,"USD","-","United States"
"2025-12-01","US4932678430","493267843","KEY","KEYCORP","Financial Institutions","Equity",46607228.08,0.33133,1870274,24.92,"USD","-","United States"
"2025-12-01","US48251W6093","48251W609","KKR","KKR & CO INC","Financial Institutions","Equity",46582908.53,0.33116,1839041,25.33,"USD","-","United States"
"2025-12-01","US87165B2025","87165B202","SYF","SYNCHRONY FINANCIAL","Financial Institutions","Equity",45758026.04,0.32529,2338172,19.57,"USD","-","United States"
"2025-12-01","US1258968452","125896845","CMS","CMS ENERGY CORPORATION","Utility","Equity",45736366.33,0.32514,1963777,23.29,"USD","-","United States"
"2025-12-01","US38143Y6656","38143Y665","GS","GOLDMAN SACHS GROUP INC","Financial Institutions","Equity",45585969,0.32407,2337742,19.5,"USD","NYSE","United States"
"2025-12-01","US8425878670","842587867","SO","SOUTHERN COMPANY (THE)","Utility","Equity",45509743.92,0.32353,1761213,25.84,"USD","-","United States"
"2025-12-01","US16115Q4073","16115Q407","GTLS","CHART INDS DEPOSITARY  TH CONV SER","Industrial","Equity",45130479.9,0.32083,627335,71.94,"USD","Non-Nms Quotation Service (Nnqs)","United States"
"2025-12-01","US04686J8383","04686J838","ATH","ATHENE HOLDING LTD","Financial Institutions","Equity",45111612.09,0.3207,1792277,25.17,"USD","-","United States"
"2025-12-01","US46817M2061","46817M206","JXN","JACKSON FINANCIAL INC","Financial Institutions","Equity",45089430.1,0.32054,1714427,26.3,"USD","-","United States"
"2025-12-01","US00123Q8722","00123Q872","AGNC","AGNC INVESTMENT CORP","Financial Institutions","Equity",44556031.08,0.31675,1792278,24.86,"USD","-","United States"
"2025-12-01","US12542R3084","12542R308","CHSINC","CHS CUMULATIVE REDEEMABLE PREF CLA","Industrial","Equity",44128619.08,0.31371,1672172,26.39,"USD","NASDAQ","United States"
"2025-12-01","US06055H8060","06055H806","BAC","BANK OF AMERICA CORP","Financial Institutions","Equity",43685201.24,0.31056,2526602,17.29,"USD","NYSE","United States"
"2025-12-01","US94988U6560","94988U656","WFC","WELLS FARGO & COMPANY","Financial Institutions","Equity",43619551.2,0.31009,1828912,23.85,"USD","-","United States"
"2025-12-01","US21871X2080","21871X208","CRBG","COREBRIDGE FINANCIAL INC","Financial Institutions","Equity",43296819.95,0.30779,1870273,23.15,"USD","-","United States"
"2025-12-01","US7838922018","783892201","EIX","SCE TRUST VII","Utility","Equity",42655491.12,0.30324,1714449,24.88,"USD","-","United States"
"2025-12-01","US3453708113","345370811","F","FORD MOTOR COMPANY","Industrial","Equity",42361683.45,0.30115,1870273,22.65,"USD","-","United States"
"2025-12-01","US7443208050","744320805","PRU","PRUDENTIAL FINANCIAL INC","Financial Institutions","Equity",41969705.79,0.29836,1761213,23.83,"USD","-","United States"
"2025-12-01","US0605051954","060505195","BAC","BANK OF AMERICA DEP REPRESENTING","Financial Institutions","Equity",41779066.68,0.29701,1681927,24.84,"USD","NYSE","United States"
"2025-12-01","US5341878859","534187885","LNC","LINCOLN NATIONAL CORPORATION","Financial Institutions","Equity",41769051.32,0.29693,1556804,26.83,"USD","-","United States"
"2025-12-01","US59156R5046","59156R504","MET","METLIFE INC","Financial Institutions","Equity",41744493.36,0.29676,1870273,22.32,"USD","NYSE","United States"
"2025-12-01","US8425878837","842587883","SO","SOUTHERN COMPANY (THE)","Utility","Equity",41730051.3,0.29666,2337818,17.85,"USD","-","United States"
"2025-12-01","US12542R8034","12542R803","CHSINC","CHS INC","Industrial","Equity",41294848,0.29356,1613080,25.6,"USD","NASDAQ","United States"
"2025-12-01","US0200023093","020002309","ALL","ALLSTATE CORPORATION (THE)","Financial Institutions","Equity",40802839,0.29007,1558550,26.18,"USD","NYSE","United States"
"2025-12-01","US8794337613","879433761","TDS","TELEPHONE AND DATA SYSTEMS INC","Industrial","Equity",40799993.08,0.29005,2150764,18.97,"USD","-","United States"
"2025-12-01","US9029737593","902973759","USB","US BANCORP","Financial Institutions","Equity",40774549.23,0.28986,1792280,22.75,"USD","NYSE","United States"
"2025-12-01","US87165B4005","87165B400","SYF","SYNCHRONY FINANCIAL","Financial Institutions","Equity",40615813,0.28874,1558550,26.06,"USD","-","United States"
"2025-12-01","US0640588457","64058845","BK","BANK OF NEW YORK MELLON CORP/THE","Financial Institutions","Equity",40054914.9,0.28475,1558557,25.7,"USD","-","United States"
"2025-12-01","US04686J5074","04686J507","ATH","ATHENE HLDG LTD DEP SHR REPSTG   I","Financial Institutions","Equity",40023564,0.28453,1558550,25.68,"USD","NYSE","United States"
"2025-12-01","US05990K8412","05990K841","BANC","BANC OF CALIFORNIA INC","Financial Institutions","Equity",39851615.84,0.2833,1599824,24.91,"USD","-","United States"
"2025-12-01","US74913G8731","74913G873","CTL","QWEST CORP","Industrial","Equity",39761228.79,0.28266,2057236,19.33,"USD","-","United States"
"2025-12-01","US7591EP8604","7591EP860","RF","REGIONS FINANCIAL CORPORATION","Financial Institutions","Equity",39540768.68,0.28109,1558564,25.37,"USD","Non-Nms Quotation Service (Nnqs)","United States"
"2025-12-01","US89832Q7455","89832Q745","TFC","TRUIST FINANCIAL PERPETUAL PREF SE","Financial Institutions","Equity",38713226.4,0.27521,1792279,21.6,"USD","NYSE","United States"
"2025-12-01","US4932677028","493267702","KEY","KEYCORP","Financial Institutions","Equity",38652089.6,0.27478,1558552,24.8,"USD","-","United States"
"2025-12-01","US26441C4024","26441C402","DUK","DUKE ENERGY CORP","Utility","Equity",38574285.75,0.27422,1558557,24.75,"USD","-","United States"
"2025-12-01","US12542R7044","12542R704","CHSINC","CHS RESET RATE CUMULATIVE REDEEMAB","Industrial","Equity",38407458.71,0.27304,1534457,25.03,"USD","NASDAQ","United States"
"2025-12-01","US9029737189","902973718","USB","US BANCORP","Financial Institutions","Equity",38153222.4,0.27123,2337820,16.32,"USD","-","United States"
"2025-12-01","US06055H4002","06055H400","BAC","BANK OF AMERICA CORP","Financial Institutions","Equity",37238944.2,0.26473,2082715,17.88,"USD","-","United States"
"2025-12-01","US7591EP7044","7591EP704","RF","REGIONS FINANCIAL CORPORATION","Financial Institutions","Equity",36672705.03,0.2607,1558551,23.53,"USD","NYSE","United States"
"2025-12-01","US3167736053","316773605","FITB","FIFTH THIRD BANCORP DEPOSITARY SHA","Financial Institutions","Equity",36063185.61,0.25637,1402691,25.71,"USD","NASDAQ","United States"
"2025-12-01","US6494452021","649445202","FLG","NEW YORK COMMUNITY BANCORP INT FXD","Financial Institutions","Equity",35876778.75,0.25505,1605225,22.35,"USD","NYSE","United States"
"2025-12-01","US64828T7063","64828T706","RITM","NEW RESIDENTIAL INVESTMENT CORP","Financial Institutions","Equity",35510324.5,0.25244,1449401,24.5,"USD","-","United States"
"2025-12-01","US05461T3059","05461T305","AXS","AXIS CAPITAL HOLDINGS LTD","Financial Institutions","Equity",35392806.93,0.25161,1712279,20.67,"USD","-","United States"
"2025-12-01","US9029738666","902973866","USB","US BANCORP","Financial Institutions","Equity",35149059.19,0.24987,44781,784.91,"USD","NYSE","United States"
"2025-12-01","US8085138654","808513865","SCHW","CHARLES SCHWAB CORPORATION (THE)","Financial Institutions","Equity",35067618.75,0.24929,1870273,18.75,"USD","NYSE","United States"
"2025-12-01","US14040H7585","14040H758","COF","CAPITAL ONE FINANCIAL CORPORATION","Financial Institutions","Equity",34968480,0.24859,2104000,16.62,"USD","-","United States"
"2025-12-01","US97650W7020","97650W702","WTFC","WINTRUST FINANCIAL CORPORATION","Financial Institutions","Equity",34919154,0.24824,1324200,26.37,"USD","-","United States"
"2025-12-01","US0357108473","035710847","NLY","ANNALY CAPITAL MANAGEMENT INC","Financial Institutions","Equity",34812648.6,0.24748,1379265,25.24,"USD","Non-Nms Quotation Service (Nnqs)","United States"
"2025-12-01","US8574778556","857477855","STT","STATE STREET CORP","Financial Institutions","Equity",34288122,0.24375,1558551,22,"USD","-","United States"
"2025-12-01","US0082528276","008252827","AMG","AFFILIATED MANAGERS GROUP INC.","Financial Institutions","Equity",33917068.38,0.24111,1402691,24.18,"USD","-","United States"
"2025-12-01","US74460W5528","74460W552","PSA","PUBLIC STORAGE","Financial Institutions","Equity",33075580.14,0.23513,1761213,18.78,"USD","NYSE","United States"
"2025-12-01","US1746106004","174610600","CFG","CITIZENS FINANCIAL GROUP INC","Financial Institutions","Equity",33015661.2,0.23471,1246815,26.48,"USD","-","United States"
"2025-12-01","US12542R5063","12542R506","CHSINC","CHS INC","Industrial","Equity",32926354.85,0.23407,1309199,25.15,"USD","Non-Nms Quotation Service (Nnqs)","United States"
"2025-12-01","US0357108622","035710862","NLY","ANNALY CAPITAL MANAGEMENT INC","Financial Institutions","Equity",32919068.35,0.23402,1324711,24.85,"USD","-","United States"
"2025-12-01","BMG1624R1079","-","BPYPM","BROOKFIELD PROPERTY PREFERRED PREF","Industrial","Equity",32508126,0.2311,2091900,15.54,"USD","NASDAQ","United States"
"2025-12-01","US61762V8046","61762V804","MS","MORGAN STANLEY","Financial Institutions","Equity",32261985,0.22935,1558550,20.7,"USD","-","United States"
"2025-12-01","US2003407010","200340701","CMA","COMERICA INCORPORATED","Financial Institutions","Equity",32167827,0.22868,1246815,25.8,"USD","-","United States"
"2025-12-01","US1746108083","174610808","CFG","CITIZENS FINANCIAL GROUP INC","Financial Institutions","Equity",31930932.15,0.227,1246815,25.61,"USD","-","United States"
"2025-12-01","US00123Q8078","00123Q807","AGNC","AGNC INVESTMENT CORP","Financial Institutions","Equity",31718057.6,0.22548,1254670,25.28,"USD","-","United States"
"2025-12-01","US8726521029","872652102","TPG","TPG OPERATING GROUP II LP","Financial Institutions","Equity",31631671.18,0.22487,1246814,25.37,"USD","-","United States"
"2025-12-01","US7593518027","759351802","RGA","REINSURANCE GROUP OF AMERICA INCOR","Financial Institutions","Equity",30977093.83,0.22021,1246814,24.84,"USD","-","United States"
"2025-12-01","US87264A1051","87264A105","TMUS","T-MOBILE USA INC","Industrial","Equity",30639618.68,0.21782,1226566,24.98,"USD","-","United States"
"2025-12-01","US64828T5083","64828T508","RITM","NEW RESIDENTIAL INVESTMENT CORP","Financial Institutions","Equity",30622534.67,0.21769,1239277,24.71,"USD","-","United States"
"2025-12-01","US04686J4085","04686J408","ATH","ATHENE HOLDING DS REPRESENTING A","Financial Institutions","Equity",30450786.23,0.21647,1792277,16.99,"USD","NYSE","United States"
"2025-12-01","US74460W4612","74460W461","PSA","PUBLIC STORAGE","Financial Institutions","Equity",30449384.7,0.21646,1881915,16.18,"USD","-","United States"
"2025-12-01","US8425874042","842587404","SO","SOUTHERN COMPANY (THE)","Utility","Equity",30298125.6,0.21539,1402691,21.6,"USD","-","United States"
"2025-12-01","US4932678687","493267868","KEY","KEYCORP","Financial Institutions","Equity",29737049.2,0.2114,1402691,21.2,"USD","NYSE","United States"
"2025-12-01","US06055H6080","06055H608","BAC","BANK OF AMERICA DRC CORP","Financial Institutions","Equity",29618793.96,0.21056,1755708,16.87,"USD","NYSE","United States"
"2025-12-01","US87161C7092","87161C709","SNV","SYNOVUS FINANCIAL CORP.","Financial Institutions","Equity",29131931.4,0.2071,1107678,26.3,"USD","-","United States"
"2025-12-01","US87264A2042","87264A204","TMUS","T-MOBILE USA INC","Industrial","Equity",29120134.05,0.20701,1249255,23.31,"USD","-","United States"
"2025-12-01","US4932678760","493267876","KEY","KEYCORP","Financial Institutions","Equity",28448272.8,0.20224,1345072,21.15,"USD","-","United States"
"2025-12-01","US87264A3032","87264A303","TMUS","T-MOBILE USA INC","Industrial","Equity",28426641.12,0.20208,1229526,23.12,"USD","-","United States"
"2025-12-01","US0158578080","015857808","AQNCN","ALGONQUIN POWER & UTILITIES CORP","Utility","Equity",28079708.39,0.19962,1090902,25.74,"USD","-","Canada"
"2025-12-01","US30190A2033","30190A203","FG","F&G ANNUITIES & LIFE INC","Financial Institutions","Equity",27863147.62,0.19808,1075382,25.91,"USD","-","United States"
"2025-12-01","US00123Q8318","00123Q831","AGNC","AGNC INVESTMENT CORP","Financial Institutions","Equity",27658413.52,0.19662,1075366,25.72,"USD","-","United States"
"2025-12-01","US8794337878","879433787","TDS","TELEPHONE DATA SYS DRC INC","Industrial","Equity",27611049.09,0.19629,1309201,21.09,"USD","NYSE","United States"
"2025-12-01","US1746104025","174610402","CFG","CITIZENS FINANCIAL GROUP INC","Financial Institutions","Equity",27459405.04,0.19521,1424243,19.28,"USD","-","United States"
"2025-12-01","US14314C1053","14314C105","CG","CARLYLE FINANCE LLC","Financial Institutions","Equity",27305796,0.19412,1558550,17.52,"USD","-","United States"
"2025-12-01","US4461508230","446150823","HBAN","HUNTINGTON BANCSHARES DRC INC","Financial Institutions","Equity",27281196.64,0.19394,1582436,17.24,"USD","NASDAQ","United States"
"2025-12-01","US48253M1045","48253M104","KKR","KKR GROUP FINANCE CO IX LLC","Financial Institutions","Equity",26984629.28,0.19183,1558004,17.32,"USD","-","United States"
"2025-12-01","US7443208886","744320888","PRU","PRUDENTIAL FINANCIAL INC","Financial Institutions","Equity",26916175.77,0.19135,1558551,17.27,"USD","-","United States"
"2025-12-01","US30190A6091","30190A609","FG","F&G ANNUITIES & LIFE INC","Financial Institutions","Equity",26908285.18,0.19129,1168909,23.02,"USD","-","United States"
"2025-12-01","US4165186036","416518603","HIG","HARTFORD FINANCIAL SERVICES GROUP","Financial Institutions","Equity",26820326.36,0.19066,1075394,24.94,"USD","NYSE","United States"
"2025-12-01","US7244795065","724479506","PBI","PITNEY BOWES INC","Industrial","Equity",26766534.6,0.19028,1328364,20.15,"USD","NYSE","United States"
"2025-12-01","US03939A4040","03939A404","ACGL","ARCH CAPITAL GROUP LTD.","Financial Institutions","Equity",26697961.5,0.18979,1558550,17.13,"USD","-","Bermuda"
"2025-12-01","US29364D1000","29364D100","ETR","ENTERGY ARKANSAS LLC","Utility","Equity",26607314.58,0.18915,1277969,20.82,"USD","-","United States"
"2025-12-01","US8935266812","893526681","TRPCN","TRANSCANADA PIPELINES LTD","Industrial","Equity",26440870.8,0.18797,1090795,24.24,"USD","-","Canada"
"2025-12-01","US2333318598","233331859","DTE","DTE ENERGY COMPANY","Utility","Equity",26432478,0.18791,1246815,21.2,"USD","-","United States"
"2025-12-01","US4461507737","446150773","HBAN","HUNTINGTON BANCSHARES INC","Financial Institutions","Equity",26427207.2,0.18787,1028296,25.7,"USD","Non-Nms Quotation Service (Nnqs)","United States"
"2025-12-01","US12542R2094","12542R209","CHSINC","CHS INC. (8% CUMULATIVE REDEEMABLE","Industrial","Equity",26108218.5,0.1856,956345,27.3,"USD","NASDAQ","United States"
"2025-12-01","US9029736686","902973668","USB","US BANCORP","Financial Institutions","Equity",26020919.61,0.18498,1424243,18.27,"USD","-","United States"
"2025-12-01","US80620A2087","80620A208","EIX","SCE TRUST VIII","Utility","Equity",25789230.6,0.18333,1090915,23.64,"USD","-","United States"
"2025-12-01","US78409G2066","78409G206","EIX","SCE TRUST IV","Utility","Equity",25752646.12,0.18307,1013086,25.42,"USD","-","United States"
"2025-12-01","US00123Q5009","00123Q500","AGNC","AGNC INVESTMENT CORP","Financial Institutions","Equity",25712148.06,0.18279,1013087,25.38,"USD","-","United States"
"2025-12-01","US78410V2007","78410V200","EIX","SCE TRUST VI","Financial Institutions","Equity",25437240.58,0.18083,1480631,17.18,"USD","-","United States"
"2025-12-01","US06055H8714","06055H871","BAC","BANK OF AMERICA CORP","Financial Institutions","Equity",25366230.06,0.18033,1308887,19.38,"USD","NYSE","United States"
"2025-12-01","US9027884058","902788405","UMBF","UMB FINANCIAL CORPORATION","Financial Institutions","Equity",25218348.16,0.17928,949486,26.56,"USD","-","United States"
"2025-12-01","US74965L2007","74965L200","RLJ","RLJ LODGING .95 CUMULATIVE CONVERT","Financial Institutions","Equity",25050904.32,0.17809,1003642,24.96,"USD","NYSE","United States"
"2025-12-01","BMG7498P1279","-","RNR","RENAISSANCERE HOLDINGS LTD","Financial Institutions","Equity",24745830.69,0.17592,1557321,15.89,"USD","-","Bermuda"
"2025-12-01","US10922N7075","10922N707","BHF","BRIGHTHOUSE FINANCIAL INC","Financial Institutions","Equity",24554222.3,0.17455,1792279,13.7,"USD","-","United States"
"2025-12-01","US6658598569","665859856","NTRS","NORTHERN TRUST CORPORATION","Financial Institutions","Equity",24400149.98,0.17346,1246814,19.57,"USD","-","United States"
"2025-12-01","US16934Q4064","16934Q406","CIM","CHIMERA INVESTMENT CORP","Financial Institutions","Equity",24141863.21,0.17162,1013087,23.83,"USD","-","United States"
"2025-12-01","US9029737346","902973734","USB","US BANCORP","Financial Institutions","Equity",24037202.84,0.17088,1582436,15.19,"USD","-","United States"
"2025-12-01","US0256768591","025676859","ANGINC","AMERICAN NATIONAL GROUP INC","Financial Institutions","Equity",23751311.4,0.16885,935091,25.4,"USD","-","United States"
"2025-12-01","US62913M2061","62913M206","NGL","NGL ENERGY PARTNERS LP","Industrial","Equity",23740897.12,0.16877,995843,23.84,"USD","-","United States"
"2025-12-01","US78409W2017","78409W201","EIX","SCE TRUST V","Financial Institutions","Equity",23629749.57,0.16798,935091,25.27,"USD","NYSE","United States"
"2025-12-01","US3196263053","319626305","FCNCA","FIRST CITIZENS BANCSHARES INC.","Financial Institutions","Equity",23607245.54,0.16782,1091917,21.62,"USD","NASDAQ","United States"
"2025-12-01","US0454876006","045487600","ASB","ASSOCIATED BANC-CORP","Financial Institutions","Equity",23547252.8,0.1674,949486,24.8,"USD","-","United States"
"2025-12-01","US7443208704","744320870","PRU","PRUDENTIAL FINANCIAL INC","Financial Institutions","Equity",23143527,0.16453,935092,24.75,"USD","-","United States"
"2025-12-01","US2538688225","253868822","DLR","DIGITAL REALTY TRUST INC","Financial Institutions","Equity",22873098.63,0.1626,1075369,21.27,"USD","-","United States"
"2025-12-01","US9290892093","929089209","VOYA","VOYA FINANCIAL INC","Financial Institutions","Equity",22862974.95,0.16253,935091,24.45,"USD","NYSE","United States"
"2025-12-01","US64828T4094","64828T409","RITM","NEW RESIDENTIAL INVESTMENT CORP","Financial Institutions","Equity",22078453.52,0.15695,877522,25.16,"USD","-","United States"
"2025-12-01","US10922N3017","10922N301","BHF","BRIGHTHOUSE FINANCIAL INC","Financial Institutions","Equity",22056804.45,0.1568,1324733,16.65,"USD","-","United States"
"2025-12-01","US91529Y6014","91529Y601","UNM","UNUM GROUP","Financial Institutions","Equity",22040094.87,0.15668,935091,23.57,"USD","-","United States"
"2025-12-01","US9030025095","903002509","UMH","UMH PROPERTIES INC","Financial Institutions","Equity",22008189.52,0.15646,1003108,21.94,"USD","Non-Nms Quotation Service (Nnqs)","United States"
"2025-12-01","US74460W4208","74460W420","PSA","PUBLIC STORAGE","Financial Institutions","Equity",21966633,0.15616,1355965,16.2,"USD","-","United States"
"2025-12-01","US7591EP8869","7591EP886","RF","REGIONS FINL DRC CORP","Financial Institutions","Equity",21837827.25,0.15524,1265961,17.25,"USD","Non-Nms Quotation Service (Nnqs)","United States"
"2025-12-01","US14040H7338","14040H733","COF","CAPITAL ONE FINL DS REPSTG  TH PRF","Financial Institutions","Equity",21831599.84,0.1552,1324733,16.48,"USD","Non-Nms Quotation Service (Nnqs)","United States"
"2025-12-01","US03939A1079","03939A107","ACGL","ARCH CAPITAL GROUP LTD.","Financial Institutions","Equity",21734740.6,0.15451,1028620,21.13,"USD","-","United States"
"2025-12-01","US10922N5095","10922N509","BHF","BRIGHTHOUSE FINANCIAL INC","Financial Institutions","Equity",21404670.2,0.15216,1254670,17.06,"USD","-","United States"
"2025-12-01","US25401T4058","25401T405","DBRG","DIGITALBRIDGE GROUP .15 CUMULATIVE","Financial Institutions","Equity",21366791.15,0.1519,1002665,21.31,"USD","NYSE","United States"
"2025-12-01","US04686J2006","04686J200","ATH","ATHENE HLDG DRC LTD","Financial Institutions","Equity",21314091.06,0.15152,1075383,19.82,"USD","NYSE","United States"
"2025-12-01","US9576384062","957638406","WAL","WESTERN ALLIANCE BANCORP","Financial Institutions","Equity",21126063.5,0.15018,949486,22.25,"USD","-","United States"
"2025-12-01","US74460W6443","74460W644","PSA","PUBLIC STORAGE","Financial Institutions","Equity",20591443.04,0.14638,888328,23.18,"USD","-","United States"
"2025-12-01","US55272X5086","55272X508","MFA","MFA FINANCIAL INC","Financial Institutions","Equity",20418218.16,0.14515,857188,23.82,"USD","-","United States"
"2025-12-01","US1258968528","125896852","CMS","CMS ENERGY CORPORATION","Utility","Equity",20353602.72,0.14469,872796,23.32,"USD","-","United States"
"2025-12-01","US88224Q3056","88224Q305","TCBI","TEXAS CAP BANCSHARES DRC INC","Financial Institutions","Equity",20129103.2,0.1431,949486,21.2,"USD","NASDAQ","United States"
"2025-12-01","US0357108218","035710821","NLY","ANNALY CAPITAL MANAGEMENT INC","Financial Institutions","Equity",20088176.55,0.14281,792433,25.35,"USD","-","United States"
"2025-12-01","US0082528508","008252850","AMG","AFFILIATED MANAGERS GROUP INC.","Financial Institutions","Equity",20076425.24,0.14272,935092,21.47,"USD","-","United States"
"2025-12-01","US11271L1026","11271L102","BNCN","BROOKFIELD FINANCE INC","Financial Institutions","Equity",20073705.4,0.1427,1246814,16.1,"USD","-","Canada"
"2025-12-01","US4440973075","444097307","HPP","HUDSON PACIFIC PROPERTIES INC","Financial Institutions","Equity",19990205.88,0.14211,1324732,15.09,"USD","Non-Nms Quotation Service (Nnqs)","United States"
"2025-12-01","US10922N2027","10922N202","BHF","BRIGHTHOUSE FINANCIAL INC","Financial Institutions","Equity",19941604.6,0.14176,1168910,17.06,"USD","-","United States"
"2025-12-01","US0389238504","038923850","ABR","ARBOR REALTY TRUST INC","Financial Institutions","Equity",19668557.65,0.13982,887971,22.15,"USD","-","United States"
"2025-12-01","US55261F8721","55261F872","MTB","M AND T BANK PERPETUAL FIXED TO FL","Financial Institutions","Equity",19622449.68,0.13949,791231,24.8,"USD","NYSE","United States"
"2025-12-01","US74460W6286","74460W628","PSA","PUBLIC STORAGE REPSTG  TH BEN INT","Financial Institutions","Equity",19487723.94,0.13854,985722,19.77,"USD","NYSE","United States"
"2025-12-01","US74460W6690","74460W669","PSA","PUBLIC STORAGE","Financial Institutions","Equity",19487317.28,0.13853,935092,20.84,"USD","-","United States"
"2025-12-01","US25401T3068","25401T306","DBRG","DIGITALBRIDGE GROUP INC","Financial Institutions","Equity",19265533.9,0.13696,904910,21.29,"USD","NYSE","United States"
"2025-12-01","US8805913006","880591300","TVA","TENN VALLEY AUTHORITY","Agency","Equity",19242857.78,0.1368,799454,24.07,"USD","NYSE","United States"
"2025-12-01","US3733344408","373334440","SO","GEORGIA POWER COMPANY","Utility","Equity",19163528.01,0.13623,841613,22.77,"USD","-","United States"
"2025-12-01","US84857L3096","84857L309","SR","SPIRE INC","Utility","Equity",18881615.18,0.13423,779266,24.23,"USD","NYSE","United States"
"2025-12-01","US74460W6856","74460W685","PSA","PUBLIC STORAGE DS REPRESENTING  TH","Financial Institutions","Equity",18800025.84,0.13365,872796,21.54,"USD","NYSE","United States"
"2025-12-01","US0844238057","084423805","WRB","WR BERKLEY CORPORATION","Financial Institutions","Equity",18678462.7,0.13278,935092,19.98,"USD","-","United States"
"2025-12-01","US48251K2096","48251K209","KREF","KKR REAL ESTATE FINANCE TRUST INC","Financial Institutions","Equity",18624041.45,0.1324,1021615,18.23,"USD","-","United States"
"2025-12-01","US9508108878","950810887","WSBC","WESBANCO INC","Financial Institutions","Equity",18475958.18,0.13134,716817,25.77,"USD","-","United States"
"2025-12-01","US63938C4050","63938C405","NAVI","NAVIENT  PRCNT SENIOR NOTES EXP  D","Financial Institutions","Equity",18402610.56,0.13082,935092,19.68,"USD","NASDAQ","United States"
"2025-12-01","US6374321056","637432105","NRUC","NATIONAL RURAL UTILITIES COOPERATI","Utility","Equity",18305028.81,0.13013,779269,23.49,"USD","-","United States"
"2025-12-01","US06417N2027","06417N202","OZK","BANK OZK","Financial Institutions","Equity",18287653.01,0.13001,1107678,16.51,"USD","-","United States"
"2025-12-01","US0200028126","020002812","ALL","ALLSTATE CORPORATION (THE)","Financial Institutions","Equity",18262346.76,0.12983,935092,19.53,"USD","-","United States"
"2025-12-01","US25525P2065","25525P206","DHC","DIVERSIFIED HEALTHCARE .625% SENIO","Financial Institutions","Equity",18218280.5,0.12951,1090915,16.7,"USD","NASDAQ","United States"
"2025-12-01","US90187B3096","90187B309","TWO","TWO HARBORS INVESTMENT CORP","Financial Institutions","Equity",18050486.4,0.12832,791688,22.8,"USD","Non-Nms Quotation Service (Nnqs)","United States"
"2025-12-01","US72346Q3020","72346Q302","PNFP","PINNACLE FINANCIAL PARTNERS INC","Financial Institutions","Equity",18000141.13,0.12796,712014,25.28,"USD","-","United States"
"2025-12-01","US90187B5075","90187B507","TWO","TWO HARBORS INVESTMENT CORP","Financial Institutions","Equity",17970362.41,0.12775,752843,23.87,"USD","-","United States"
"2025-12-01","US00123Q6098","00123Q609","AGNC","AGNC INVESTMENT CORP","Financial Institutions","Equity",17939071.94,0.12753,732506,24.49,"USD","-","United States"
"2025-12-01","US16934Q5053","16934Q505","CIM","CHIMERA INVESTMENT CORP","Financial Institutions","Equity",17675347.44,0.12565,810424,21.81,"USD","-","United States"
"2025-12-01","BMG053842040","-","AHL","ASPEN INSURANCE HOLDINGS LTD","Financial Institutions","Equity",17549819.46,0.12476,859022,20.43,"USD","-","United States"
"2025-12-01","BMG053841703","-","AHL","ASPEN INSURANCE HOLDINGS LTD","Financial Institutions","Equity",17534100,0.12465,701364,25,"USD","-","United States"
"2025-12-01","US75968N3098","75968N309","RNR","RENAISSANCERE HOLDINGS LTD","Financial Institutions","Equity",17408869.46,0.12376,779269,22.34,"USD","NYSE","United States"
"2025-12-01","US9290428286","929042828","VNO","VORNADO REALTY TRUST","Financial Institutions","Equity",17409258.44,0.12376,995953,17.48,"USD","-","United States"
"2025-12-01","US3193836000","319383600","BUSE","FIRST BUSEY CORPORATION","Financial Institutions","Equity",17344466.58,0.1233,680442,25.49,"USD","-","United States"
"2025-12-01","US29364W1080","29364W108","ETR","ENTERGY LOUISIANA LLC","Utility","Equity",17337248.4,0.12325,841614,20.6,"USD","-","United States"
"2025-12-01","US35243J2006","35243J200","FBRT","FRANKLIN BSP REALTY TRUST   CUMULA","Financial Institutions","Equity",17239796.8,0.12256,804095,21.44,"USD","NYSE","United States"
"2025-12-01","US29364N1081","29364N108","ETR","ENTERGY MISSISSIPPI INC","Utility","Equity",17043195.69,0.12116,810423,21.03,"USD","-","United States"
"2025-12-01","US49446R7118","49446R711","KIM","KIMCO RLTY DS REPRESENTING   CLASS","Financial Institutions","Equity",17011094.4,0.12093,821792,20.7,"USD","NYSE","United States"
"2025-12-01","US2836782092","283678209","KMI","EL PASO ENERGY CAPITAL TRUST I","Industrial","Equity",16928062.25,0.12034,343717,49.25,"USD","NYSE","United States"
"2025-12-01","US37959E3009","37959E300","GL","GLOBE LIFE INC","Financial Institutions","Equity",16866022.53,0.1199,1011759,16.67,"USD","-","United States"
"2025-12-01","US11259P1093","11259P109","BRBRPH","BROOKFIELD BRP HOLDINGS (CANADA) I","Industrial","Equity",16835297.36,0.11968,1090369,15.44,"USD","-","Canada"
"2025-12-01","US9290428443","929042844","VNO","VORNADO REALTY TRUST 5.4% CUM RED","Financial Institutions","Equity",16659315.92,0.11843,942269,17.68,"USD","NYSE","United States"
"2025-12-01","US8606308703","860630870","SF","STIFEL FINANCIAL CORP","Financial Institutions","Equity",16587258.6,0.11792,701364,23.65,"USD","NYSE","United States"
"2025-12-01","US1170436042","117043604","BC","BRUNSWICK CORPORATION","Industrial","Equity",16506237.44,0.11734,669896,24.64,"USD","-","United States"
"2025-12-01","US58844R8503","58844R850","MBIN","MERCHANTS BANCORP","Financial Institutions","Equity",16373904.64,0.1164,716896,22.84,"USD","-","United States"
"2025-12-01","US9290428104","929042810","VNO","VORNADO REALTY TRUST","Financial Institutions","Equity",16338944.46,0.11615,942269,17.34,"USD","-","United States"
"2025-12-01","US8606308620","860630862","SF","STIFEL FINANCIAL CORP","Financial Institutions","Equity",16158389.76,0.11487,935092,17.28,"USD","-","United States"
"2025-12-01","US25406P2002","25406P200","DDS","DILLARDS CAP TR I CAP SECS 7.5%","Industrial","Equity",16151490.79,0.11482,623369,25.91,"USD","NYSE","United States"
"2025-12-01","US05554M1009","05554M100","BIP","BIP BERMUDA HOLDINGS I LTD","Financial Institutions","Equity",16149038.84,0.1148,935092,17.27,"USD","-","Canada"
"2025-12-01","US87161C6003","87161C600","SNV","SYNOVUS FINANCIAL CORP.","Financial Institutions","Equity",16097851.18,0.11444,633026,25.43,"USD","-","United States"
"2025-12-01","US9388243076","938824307","WAFD","WASHINGTON FEDERAL INC","Financial Institutions","Equity",15725644.88,0.11179,940529,16.72,"USD","NASDAQ","United States"
"2025-12-01","US3167738869","316773886","FITB","FIFTH THIRD BANCORP  DEPOSITORY SH","Financial Institutions","Equity",15718035.58,0.11174,633026,24.83,"USD","NASDAQ","United States"
"2025-12-01","US8805914095","880591409","TVA","TENN VALLEY AUTH","Agency","Equity",15676853.96,0.11145,649414,24.14,"USD","NYSE","United States"
"2025-12-01","US2538688308","253868830","DLR","DIGITAL REALTY TRUST INC","Financial Institutions","Equity",15625325.87,0.11108,654601,23.87,"USD","-","United States"
"2025-12-01","US0844238701","084423870","WRB","WR BERKLEY CORPORATION","Financial Institutions","Equity",15606685.48,0.11095,935092,16.69,"USD","-","United States"
"2025-12-01","BMG8192H1557","-","SPNT","SIRIUSPOINT LTD","Financial Institutions","Equity",15598880.97,0.11089,619741,25.17,"USD","-","Bermuda"
"2025-12-01","US3167738604","316773860","FITB","FIFTH THIRD BANCORP","Financial Institutions","Equity",15571170.24,0.11069,791218,19.68,"USD","-","United States"
"2025-12-01","US6740014096","674001409","OAK","OAKTREE CAPITAL GROUP LLC","Financial Institutions","Equity",15565752.5,0.11066,732506,21.25,"USD","-","United States"
"2025-12-01","US74460W5940","74460W594","PSA","PUBLIC STORAGE DEP SHS REPSTG  TH","Financial Institutions","Equity",15531499.62,0.11041,812742,19.11,"USD","NYSE","United States"
"2025-12-01","US04621X3061","04621X306","AIZ","ASSURANT INC","Financial Institutions","Equity",15344101.96,0.10908,779284,19.69,"USD","-","United States"
"2025-12-01","US78440X5077","78440X507","SLG","SL GREEN REALTY CORP","Financial Institutions","Equity",15298581.98,0.10876,716897,21.34,"USD","-","United States"
"2025-12-01","US2333318184","233331818","DTE","DTE ENERGY CO","Utility","Equity",15222015.87,0.10821,879377,17.31,"USD","-","United States"
"2025-12-01","US6378702053","637870205","NSA","NATIONAL STORAGE AFFILIATES REDEEM","Financial Institutions","Equity",15187238.4,0.10797,708360,21.44,"USD","Non-Nms Quotation Service (Nnqs)","United States"
"2025-12-01","US8606306079","860630607","SF","STIFEL FINANCIAL CORP","Financial Institutions","Equity",14997196.28,0.10661,701364,21.38,"USD","-","United States"
"2025-12-01","US29452E4089","29452E408","EQH","EQUITABLE HOLDINGS INC","Financial Institutions","Equity",14974432.9,0.10645,930089,16.1,"USD","-","United States"
"2025-12-01","US64828T8053","64828T805","RITM","RITHM CAPITAL CORP","Financial Institutions","Equity",14954009.5,0.10631,592238,25.25,"USD","-","United States"
"2025-12-01","US16934Q6044","16934Q604","CIM","CHIMERA INVESTMENT CORP","Financial Institutions","Equity",14951778.8,0.10629,628226,23.8,"USD","-","United States"
"2025-12-01","US0605055831","060505583","BAC","BANK OF AMERICA CORPORATION PFD 1","Financial Institutions","Equity",14765664,0.10497,769045,19.2,"USD","NYSE","United States"
"2025-12-01","US0082528433","008252843","AMG","AFFILIATED MANAGERS GROUP INC.","Financial Institutions","Equity",14700774.2,0.10451,857188,17.15,"USD","-","United States"
"2025-12-01","US70931T5092","70931T509","PMT","PENNYMAC MORTGAGE INVESTMENT TRUST","Financial Institutions","Equity",14618786.28,0.10392,779253,18.76,"USD","-","United States"
"2025-12-01","US78442P5026","78442P502","SLM","SLM CORP","Financial Institutions","Equity",14570589.76,0.10358,195421,74.56,"USD","NASDAQ","United States"
"2025-12-01","US6496048736","649604873","NYMT","NEW YORK MORTGAGE TRUST INC","Financial Institutions","Equity",14429202.2,0.10258,580652,24.85,"USD","-","United States"
"2025-12-01","US7472624003","747262400","QVCN","QVC INC","Industrial","Equity",14376746,0.1022,1559300,9.22,"USD","-","United States"
"2025-12-01","US70931T4004","70931T400","PMT","PENNYMAC MORTGAGE INVESTMENT TRUST","Financial Institutions","Equity",14363188.31,0.10211,607837,23.63,"USD","-","United States"
"2025-12-01","US3793785086","379378508","GNL","GLOBAL NET LEASE   CUMULATIVE REDE","Financial Institutions","Equity",14356299.06,0.10206,618273,23.22,"USD","NYSE","United States"
"2025-12-01","US49446R7373","49446R737","KIM","KIMCO REALTY CORPORATION","Financial Institutions","Equity",14245844.18,0.10127,699011,20.38,"USD","-","United States"
"2025-12-01","BMG053841620","-","AHL","ASPEN INSURANCE HOLDINGS LTD","Financial Institutions","Equity",14230144.5,0.10116,699270,20.35,"USD","-","United States"
"2025-12-01","US25401T5048","25401T504","DBRG","DIGITALBRIDGE GROUP .125 CUMULATIV","Financial Institutions","Equity",14131130.4,0.10046,654219,21.6,"USD","NYSE","United States"
"2025-12-01","US31959X2027","31959X202","FCNCA","FIRST CITIZENS BANCSHARES   NON CU","Financial Institutions","Equity",14084828.5,0.10013,633026,22.25,"USD","NASDAQ","United States"
"2025-12-01","US9290427940","929042794","VNO","VORNADO REALTY TRUST","Financial Institutions","Equity",13964294.16,0.09927,934379,14.95,"USD","-","United States"
"2025-12-01","US1258968601","125896860","CMS","CMS ENERGY CORPORATION","Utility","Equity",13866777.96,0.09858,622946,22.26,"USD","-","United States"
"2025-12-01","US0625403078","062540307","BOH","BANK OF HAWAII CORP","Financial Institutions","Equity",13837120.17,0.09837,519997,26.61,"USD","-","United States"
"2025-12-01","US74460W5783","74460W578","PSA","PUBLIC STORAGE","Financial Institutions","Equity",13828745.55,0.09831,716352,19.3,"USD","-","United States"
"2025-12-01","US74460W5114","74460W511","PSA","PUBLIC STORAGE DEP SHS REPSTG   PF","Financial Institutions","Equity",13826748.54,0.09829,879872,15.71,"USD","NYSE","United States"
"2025-12-01","US5303075031","530307503","LBRDA","LIBERTY BROADBAND CUM REDEEMABLE P","Industrial","Equity",13710684,0.09747,558480,24.55,"USD","NASDAQ","United States"
"2025-12-01","US2538688555","253868855","DLR","DIGITAL REALTY TRUST INC","Financial Institutions","Equity",13676737.8,0.09723,623370,21.94,"USD","Non-Nms Quotation Service (Nnqs)","United States"
"2025-12-01","US70931T7072","70931T707","PMT","PENNYMAC MORTGAGE INVESTMENT TRUST","Financial Institutions","Equity",13674282.17,0.09721,537302,25.45,"USD","-","United States"
"2025-12-01","US25525P3055","25525P305","DHC","DIVERSIFIED HEALTHCARE .25% SENIOR","Financial Institutions","Equity",13637207.5,0.09695,779269,17.5,"USD","NASDAQ","United States"
"2025-12-01","BMG9078F1499","-","TRTN","TRITON INTERNATIONAL LTD","Industrial","Equity",13615773.66,0.09679,545067,24.98,"USD","-","Bermuda"
"2025-12-01","US04911A2069","04911A206","AUB","ATLANTIC UNION BANKSHARES CORP","Financial Institutions","Equity",13469738.56,0.09576,544672,24.73,"USD","-","United States"
"2025-12-01","US70509V8037","70509V803","PEB","PEBBLEBROOK HOTEL TRUST","Financial Institutions","Equity",13427928.8,0.09546,722320,18.59,"USD","Non-Nms Quotation Service (Nnqs)","United States"
"2025-12-01","US0844238883","084423888","WRB","WR BERKLEY CORPORATION","Financial Institutions","Equity",13379995.44,0.09512,785211,17.04,"USD","-","United States"
"2025-12-01","US46131B5066","46131B506","IVR","INVESCO MORTGAGE CAPITAL INC","Financial Institutions","Equity",13332228.09,0.09478,544397,24.49,"USD","-","United States"
"2025-12-01","US11276B1098","11276B109","BIP","BROOKFIELD INFRASTRUCTURE FINANCE","Utility","Equity",13242396.77,0.09414,779423,16.99,"USD","-","Canada"
"2025-12-01","US10922N8891","10922N889","BHF","BRIGHTHOUSE FINANCIAL INC","Financial Institutions","Equity",13168895.2,0.09362,1099240,11.98,"USD","-","United States"
"2025-12-01","US04914Y4098","04914Y409","ATLC","ATLANTICUS HOLDINGS CORP","Financial Institutions","Equity",13165882.35,0.0936,520185,25.31,"USD","-","United States"
"2025-12-01","US55272X4097","55272X409","MFA","MFA FINANCIAL INC","Financial Institutions","Equity",13136310.21,0.09339,628231,20.91,"USD","NYSE","United States"
"2025-12-01","US74460W3960","74460W396","PSA","PUBLIC STORAGE DEPOSITARY SHS EACH","Financial Institutions","Equity",13110482.26,0.0932,791218,16.57,"USD","NYSE","United States"
"2025-12-01","US11259P2083","11259P208","BRBRPH","BROOKFIELD BRP HOLDINGS (CANADA) I","Industrial","Equity",13088331.45,0.09304,810423,16.15,"USD","-","Canada"
"2025-12-01","US0844237067","084423706","WRB","WR BERKLEY CORPORATION","Financial Institutions","Equity",12934361.74,0.09195,576205,22.45,"USD","-","United States"
"2025-12-01","US0389238769","038923876","ABR","ARBOR REALTY TRUST INC","Financial Institutions","Equity",12820823.8,0.09114,720271,17.8,"USD","-","United States"
"2025-12-01","US1258968379","125896837","CMS","CMS ENERGY CORPORATION","Utility","Equity",12818935.35,0.09113,727935,17.61,"USD","-","United States"
"2025-12-01","MHY8564M2048","-","TGP","TEEKAY LNG PARTNERS LP","Industrial","Equity",12795682.05,0.09096,498857,25.65,"USD","-","Bermuda"
"2025-12-01","US2333318267","233331826","DTE","DTE ENERGY COMPANY","Utility","Equity",12746141.85,0.09061,727935,17.51,"USD","-","United States"
"2025-12-01","US4101204067","410120406","HWC","HANCOCK WHITNEY CORP","Financial Institutions","Equity",12626805.78,0.08976,545906,23.13,"USD","-","United States"
"2025-12-01","US38741L3050","38741L305","GPMT","GRANITE POINT MORTGAGE TRUST INC","Financial Institutions","Equity",12607309.22,0.08962,641267,19.66,"USD","-","United States"
"2025-12-01","US11276B2088","11276B208","BIP","BROOKFIELD INFRASTRUCTURE FINANCE","Utility","Equity",12416717.43,0.08827,492141,25.23,"USD","-","Canada"
"2025-12-01","US4461507810","446150781","HBAN","HUNTINGTON BANCSHARES INC","Financial Institutions","Equity",12340401.84,0.08773,553878,22.28,"USD","NASDAQ","United States"
"2025-12-01","US3602713089","360271308","FULT","FULTON FINANCIAL CORPORATION","Financial Institutions","Equity",12301941.54,0.08745,633794,19.41,"USD","-","United States"
"2025-12-01","US9197944047","919794404","VLY","VALLEY NATIONAL BANCORP","Financial Institutions","Equity",12262973.31,0.08718,474757,25.83,"USD","-","United States"
"2025-12-01","US38144X6094","38144X609","GS","GOLDMAN SACHS GROUP INC","Financial Institutions","Equity",12197282.68,0.08671,622946,19.58,"USD","NYSE","United States"
"2025-12-01","BMG162491648","-","BPY","BROOKFIELD PROPERTY PARTNERS LP","Industrial","Equity",12082166.76,0.08589,903002,13.38,"USD","-","Bermuda"
"2025-12-01","US74460W5379","74460W537","PSA","PUBLIC STORAGE","Financial Institutions","Equity",12077173.68,0.08586,722319,16.72,"USD","-","United States"
"2025-12-01","US6740013007","674001300","OAK","OAKTREE CAPITAL GROUP LLC","Financial Institutions","Equity",12063091,0.08576,561074,21.5,"USD","-","United States"
"2025-12-01","US78407R2040","78407R204","EIX","SCE TRUST II CUM TRUST SECS P","Utility","Equity",12014199.84,0.08541,685742,17.52,"USD","Non-Nms Quotation Service (Nnqs)","United States"
"2025-12-01","BMG9078F1648","-","TRTN","TRITON INTERNATIONAL LTD","Industrial","Equity",12007450,0.08536,471250,25.48,"USD","-","Bermuda"
"2025-12-01","US58844R7026","58844R702","MBIN","MERCHANTS BANCORP","Financial Institutions","Equity",11966351.54,0.08507,616187,19.42,"USD","-","United States"
"2025-12-01","US3205174028","320517402","FHN","FIRST HORIZON NATIONAL CORP","Financial Institutions","Equity",11967109.88,0.08507,484891,24.68,"USD","-","United States"
"2025-12-01","US17259U3032","17259U303","CIONI","CION INVESTMENT CORP","Financial Institutions","Equity",11941354.7,0.08489,467555,25.54,"USD","-","United States"
"2025-12-01","US3793783008","379378300","GNL","GLOBAL NET LEASE PREF SERIES A INC","Financial Institutions","Equity",11927370.68,0.08479,533902,22.34,"USD","Non-Nms Quotation Service (Nnqs)","United States"
"2025-12-01","US8606307069","860630706","SF","STIFEL FINANCIAL CORP","Financial Institutions","Equity",11885098.95,0.08449,498327,23.85,"USD","-","United States"
"2025-12-01","US11259P3073","11259P307","BRBRPH","BROOKFIELD BRP HOLDINGS (CANADA) I","Industrial","Equity",11850000.95,0.08424,471173,25.15,"USD","-","Canada"
"2025-12-01","US12740C2026","12740C202","CADE","CADENCE BANK   NON CUMULATIVE PERP","Financial Institutions","Equity",11836317.72,0.08414,551039,21.48,"USD","NYSE","United States"
"2025-12-01","US0259328807","025932880","AFG","AMERICAN FINANCIAL GROUP INC","Financial Institutions","Equity",11773679.4,0.0837,622946,18.9,"USD","-","United States"
"2025-12-01","US05614L4077","05614L407","BW","BABCOCK & WILCOX ENTERPRISES INC","Industrial","Equity",11719304.25,0.08331,597162,19.63,"USD","-","United States"
"2025-12-01","US00123Q8565","00123Q856","AGNCL","AGNC INVESTMENT CORP","Financial Institutions","Equity",11707532.28,0.08323,474758,24.66,"USD","-","United States"
"2025-12-01","US05580M8192","05580M819","RILY","B. RILEY FINANCIAL INC","Financial Institutions","Equity",11656821.12,0.08287,1191904,9.78,"USD","-","United States"
"2025-12-01","US0605058157","060505815","BAC","BANK OF AMERICA CORP PREF STOCK","Financial Institutions","Equity",11649911.13,0.08282,585717,19.89,"USD","-","United States"
"2025-12-01","BMG9078F1317","-","TRTN","TRITON INTERNATIONAL LTD","Industrial","Equity",11595521.52,0.08243,451539,25.68,"USD","-","Bermuda"
"2025-12-01","US04914Y3009","04914Y300","ATLC","ATLANTICUS HOLDINGS CORP","Financial Institutions","Equity",11540560.16,0.08204,461992,24.98,"USD","-","United States"
"2025-12-01","US04208T2078","04208T207","AHH","ARMADA HOFFLER PROPERTIES INC","Financial Institutions","Equity",11391968.4,0.08098,537357,21.2,"USD","-","United States"
"2025-12-01","US87266M2061","87266M206","TRTX","TPG RE FIN TR PREF SERIES C INC TR","Financial Institutions","Equity",11348508.24,0.08068,627336,18.09,"USD","Non-Nms Quotation Service (Nnqs)","United States"
"2025-12-01","US20451Q4010","20451Q401","CODI","COMPASS DIVERSIFIED HOLDINGS","Financial Institutions","Equity",11330676.75,0.08055,620859,18.25,"USD","-","United States"
"2025-12-01","US89832Q8107","89832Q810","TFC","TRUIST FINANCIAL DS REPRESENTING","Financial Institutions","Equity",11302957.4,0.08035,557620,20.27,"USD","NYSE","United States"
"2025-12-01","US05580M8010","05580M801","RILY","B. RILEY FINANCIAL INC","Financial Institutions","Equity",11207288.66,0.07967,567027,19.77,"USD","-","United States"
"2025-12-01","US0423156068","042315606","ARR","ARMOUR RESIDENTIAL REIT INC","Financial Institutions","Equity",11168231.76,0.07939,534877,20.88,"USD","Non-Nms Quotation Service (Nnqs)","United States"
"2025-12-01","BMG162582313","-","BEPUCN","BROOKFIELD RENEWABLE PARTNERS LP","Utility","Equity",11165907.5,0.07938,622750,17.93,"USD","Non-Nms Quotation Service (Nnqs)","Canada"
"2025-12-01","US58844R8842","58844R884","MBIN","MERCHANTS BANCORP","Financial Institutions","Equity",11154015.03,0.07929,447548,24.92,"USD","-","United States"
"2025-12-01","BMG162491564","-","BPY","BROOKFIELD PROPERTY PARTNERS LP","Industrial","Equity",11088997.87,0.07883,779269,14.23,"USD","-","Bermuda"
"2025-12-01","BMG9078F2067","-","TRTN","TRITON INTERNATIONAL LTD","Industrial","Equity",11041468.08,0.07849,471173,23.43,"USD","-","Bermuda"
"2025-12-01","US11272B1035","11272B103","BNCN","BROOKFIELD FINANCE I UK PLC","Financial Institutions","Equity",10974548.41,0.07802,720110,15.24,"USD","-","United Kingdom"
"2025-12-01","US4884013081","488401308","KMPR","KEMPER CORP","Financial Institutions","Equity",10968535.32,0.07797,467542,23.46,"USD","-","United States"
"2025-12-01","US0605056250","060505625","BAC","BANK OF AMERICA CORP","Financial Institutions","Equity",10824825.28,0.07695,565856,19.13,"USD","-","United States"
"2025-12-01","US20451Q3020","20451Q302","CODI","COMPASS DIVERSIFIED HOLDINGS FIXED","Financial Institutions","Equity",10808850.66,0.07684,590809,18.3,"USD","Non-Nms Quotation Service (Nnqs)","United States"
"2025-12-01","US05580M7939","05580M793","RILY","B. RILEY FINANCIAL INC","Financial Institutions","Equity",10801728.24,0.07679,616537,17.52,"USD","-","United States"
"2025-12-01","US6496048819","649604881","NYMT","NEW YORK MORTGAGE TRUST INC","Financial Institutions","Equity",10717183.2,0.07619,482756,22.2,"USD","-","United States"
"2025-12-01","US70509V8862","70509V886","PEB","PEBBLEBROOK HOTEL TRUST","Financial Institutions","Equity",10695155.25,0.07603,620009,17.25,"USD","-","United States"
"2025-12-01","USG162522670","-","BIP","BROOKFIELD INFRASTRUCTURE   CLASS","Utility","Equity",10645661.12,0.07568,621826,17.12,"USD","Non-Nms Quotation Service (Nnqs)","Canada"
"2025-12-01","BMG9078F1564","-","TRTN","TRITON INTERNATIONAL LTD","Industrial","Equity",10591177.4,0.07529,549620,19.27,"USD","-","Bermuda"
"2025-12-01","US0259328641","025932864","AFG","AMERICAN FINANCIAL GROUP INC","Financial Institutions","Equity",10590082,0.07528,622946,17,"USD","-","United States"
"2025-12-01","US8163005031","816300503","SIGI","SELECTIVE INS GROUP DS REPSTG   IN","Financial Institutions","Equity",10478832.89,0.07449,623369,16.81,"USD","NASDAQ","United States"
"2025-12-01","US9478907036","947890703","WBS","WEBSTER FINANCIAL CORPORATION","Financial Institutions","Equity",10408781.84,0.074,436244,23.86,"USD","NYSE","United States"
"2025-12-01","BMG162522756","-","BIP","BROOKFIELD INFRASTRUCTURE PARTNERS","Utility","Equity",10283309.4,0.0731,621348,16.55,"USD","NYSE","Canada"
"2025-12-01","US75574U6064","75574U606","RC","READY CAPITAL CORP","Financial Institutions","Equity",10234119.61,0.07275,410646,24.92,"USD","-","United States"
"2025-12-01","US6496048652","649604865","NYMT","NEW YORK MORTGAGE TRUST INC","Financial Institutions","Equity",10186079.55,0.07241,455753,22.35,"USD","-","United States"
"2025-12-01","US3765468679","376546867","GAIN","GLADSTONE INVESTMENT CORP","Financial Institutions","Equity",10151577.1,0.07217,397322,25.55,"USD","-","United States"
"2025-12-01","US16934Q3074","16934Q307","CIM","CHIMERA INVESTMENT CORP","Financial Institutions","Equity",10128772.67,0.072,455369,22.24,"USD","-","United States"
"2025-12-01","US3765468836","376546883","GAIN","GLADSTONE INVESTMENT CORP","Financial Institutions","Equity",10033164.98,0.07133,422627,23.74,"USD","-","United States"
"2025-12-01","US26884U2087","26884U208","EPR","EPR PROPERTIES 5.75% CUM CONV PREF","Financial Institutions","Equity",10023582.24,0.07126,423472,23.67,"USD","NYSE","United States"
"2025-12-01","US3765468000","376546800","GAIN","GLADSTONE INVESTMENT CORP","Financial Institutions","Equity",9998640.99,0.07108,398511,25.09,"USD","-","United States"
"2025-12-01","US0259328724","025932872","AFG","AMERICAN FINANCIAL GROUP INC","Financial Institutions","Equity",9955885.49,0.07078,471173,21.13,"USD","-","United States"
"2025-12-01","US68003D3035","68003D303","ONB","OLD NATIONAL BANCORP DEP SHS EACH","Financial Institutions","Equity",9902209.3,0.07039,395930,25.01,"USD","-","United States"
"2025-12-01","US0082528359","008252835","AMG","AFFILIATED MANAGERS GROUP INC.","Financial Institutions","Equity",9800388,0.06967,628230,15.6,"USD","-","United States"
"2025-12-01","US0084922097","008492209","ADC","AGREE REALTY CORP","Financial Institutions","Equity",9717299.28,0.06908,549621,17.68,"USD","NYSE","United States"
"2025-12-01","US26884U5056","26884U505","EPR","EPR PROPERTIES","Financial Institutions","Equity",9701452.07,0.06897,471173,20.59,"USD","-","United States"
"2025-12-01","US8660826053","866082605","INN","SUMMIT HOTEL PROPERTIES INC","Financial Institutions","Equity",9638582.94,0.06852,502533,19.18,"USD","-","United States"
"2025-12-01","US9478905055","947890505","WBS","WEBSTER FINANCIAL DRC CORP","Financial Institutions","Equity",9557877.3,0.06795,484881,19.71,"USD","NYSE","United States"
"2025-12-01","US3137452005","313745200","FRT","FEDERAL REALTY INVESTMENT DEPOSITA","Financial Institutions","Equity",9511003.94,0.06761,471173,20.19,"USD","NYSE","United States"
"2025-12-01","US8964427046","896442704","TRIN","TRINITY CAPITAL INC","Financial Institutions","Equity",9497584.8,0.06752,371580,25.56,"USD","-","United States"
"2025-12-01","US2527844003","252784400","DRH","DIAMONDROCK HOSPITALITY CO","Financial Institutions","Equity",9495615.36,0.0675,373696,25.41,"USD","Non-Nms Quotation Service (Nnqs)","United States"
"2025-12-01","MHY8564M1131","-","TGP","TEEKAY LNG PARTNERS LP","Industrial","Equity",9408243.18,0.06688,366222,25.69,"USD","-","Bermuda"
"2025-12-01","US00489Q2012","00489Q201","ACR","ACRES COMMERCIAL REALTY .625 FIXED","Financial Institutions","Equity",9405270,0.06686,373225,25.2,"USD","NYSE","United States"
"2025-12-01","US16934Q8693","16934Q869","CIM","CHIMERA INVESTMENT CORP","Financial Institutions","Equity",9396600,0.0668,375864,25,"USD","-","United States"
"2025-12-01","US90187B2007","90187B200","TWO","TWO HARBORS INVESTMENT CORP","Financial Institutions","Equity",9337839.21,0.06638,396555,23.55,"USD","-","United States"
"2025-12-01","US75574U8383","75574U838","RC","READY CAPITAL CORP","Financial Institutions","Equity",9333406,0.06635,404920,23.05,"USD","-","United States"
"2025-12-01","MHY271831213","-","GSL","GLOBAL SHIP LEASE INC","Industrial","Equity",9251238.75,0.06577,339495,27.25,"USD","NYSE","United Kingdom"
"2025-12-01","US8964426055","896442605","TRIN","TRINITY CAPITAL INC","Financial Institutions","Equity",9231637.5,0.06563,362025,25.5,"USD","-","United States"
"2025-12-01","US9197942066","919794206","VLY","VALLEY NATIONAL BANCORP","Financial Institutions","Equity",9197825.14,0.06539,363982,25.27,"USD","-","United States"
"2025-12-01","US90187B8871","90187B887","TWO","TWO HARBORS INVESTMENT CORP","Financial Institutions","Equity",9178168.23,0.06525,361203,25.41,"USD","NYSE","United States"
"2025-12-01","US64944P3073","64944P307","NYCB","NEW YORK COMMUNITY CAPITAL TRUST V","Financial Institutions","Equity",9074589.3,0.06451,229446,39.55,"USD","NYSE","United States"
"2025-12-01","US0625452075","062545207","BOH","BANK OF HAWAII CORP","Financial Institutions","Equity",9069414.48,0.06447,562968,16.11,"USD","-","United States"
"2025-12-01","US26817Q8785","26817Q878","DX","DYNEX CAPITAL INC","Financial Institutions","Equity",9041973.36,0.06428,347234,26.04,"USD","-","United States"
"2025-12-01","US6475513080","647551308","NMFC","NEW MOUNTAIN FINANCE CORP","Financial Institutions","Equity",9041195.73,0.06427,358351,25.23,"USD","-","United States"
"2025-12-01","US55272X7066","55272X706","MFA","MFA FINANCIAL INC","Financial Institutions","Equity",9014080.5,0.06408,360275,25.02,"USD","-","United States"
"2025-12-01","US28852N2080","28852N208","EFC","ELLINGTON FINANCIAL INC","Financial Institutions","Equity",9011568.73,0.06406,358179,25.16,"USD","-","United States"
"2025-12-01","US3205178656","320517865","FHN","FIRST HORIZON CORP (TENNESSEE)","Financial Institutions","Equity",8929118.59,0.06348,484875,18.42,"USD","-","United States"
"2025-12-01","US28852N3070","28852N307","EFC","ELLINGTON FINANCIAL INC","Financial Institutions","Equity",8925321.6,0.06345,381424,23.4,"USD","-","United States"
"2025-12-01","US12621E3018","12621E301","CNO","CNO FINANCIAL GROUP INC","Financial Institutions","Equity",8867475.86,0.06304,471173,18.82,"USD","-","United States"
"2025-12-01","US5977423038","597742303","MSBI","MIDLAND STATES BANCORP INC","Financial Institutions","Equity",8859321.88,0.06298,363982,24.34,"USD","-","United States"
"2025-12-01","US2635343070","263534307","CTVA","E I DU PONT DE NEMOURS AND CO","Industrial","Equity",8838955.2,0.06284,130272,67.85,"USD","NYSE","United States"
"2025-12-01","US20786W5031","20786W503","CNOB","CONNECTONE BANCORP INC","Financial Institutions","Equity",8786525.48,0.06246,363982,24.14,"USD","-","United States"
"2025-12-01","US68003D2045","68003D204","ONB","OLD NATIONAL BANCORP","Financial Institutions","Equity",8744529.15,0.06216,349083,25.05,"USD","-","United States"
"2025-12-01","US70509V7047","70509V704","PEB","PEBBLEBROOK HOTEL TRUST","Financial Institutions","Equity",8743128.9,0.06215,467547,18.7,"USD","NYSE","United States"
"2025-12-01","US3765493099","376549309","LAND","GLADSTONE LAND CORP","Financial Institutions","Equity",8652446.22,0.06151,454674,19.03,"USD","-","United States"
"2025-12-01","US2298993070","229899307","CFR","CULLEN FROST BANKERS DRC INC","Financial Institutions","Equity",8650277.04,0.06149,484881,17.84,"USD","NYSE","United States"
"2025-12-01","US2256552082","225655208","FCRX","CRESCENT CAPITAL BDC   NOTES DUE I","Financial Institutions","Equity",8632890,0.06137,347400,24.85,"USD","NYSE","United States"
"2025-12-01","US02665T8687","02665T868","AMH","AMERICAN HOMES 4 RENT","Financial Institutions","Equity",8624950.32,0.06131,358179,24.08,"USD","-","United States"
"2025-12-01","US1785872003","178587200","CIO","CITY OFFICE REIT INC","Financial Institutions","Equity",8613655.7,0.06123,348731,24.7,"USD","-","United States"
"2025-12-01","US70931T3014","70931T301","PMT","PENNYMAC MORTGAGE INVESTMENT TRUST","Financial Institutions","Equity",8571347.19,0.06093,361203,23.73,"USD","-","United States"
"2025-12-01","US0259328070","025932807","AFG","AMERICAN FINANCIAL GROUP INC","Financial Institutions","Equity",8569519.31,0.06092,392557,21.83,"USD","-","United States"
"2025-12-01","BMG162491499","-","BPY","BROOKFIELD PROPERTY PARTNERS LP","Industrial","Equity",8541642.82,0.06072,577919,14.78,"USD","Non-Nms Quotation Service (Nnqs)","Bermuda"
"2025-12-01","US7588498896","758849889","REG","REGENCY CENTERS   SERIES A CUMULAT","Financial Institutions","Equity",8484789.6,0.06032,358008,23.7,"USD","NASDAQ","United States"
"2025-12-01","US74460W4877","74460W487","PSA","PUBLIC STORAGE","Financial Institutions","Equity",8452887.57,0.06009,533979,15.83,"USD","NYSE","United States"
"2025-12-01","US05580M8358","05580M835","RILY","B. RILEY FINANCIAL INC","Financial Institutions","Equity",8360472.96,0.05943,689808,12.12,"USD","-","United States"
"2025-12-01","US64828T3005","64828T300","RITM","NEW RESIDENTIAL INVESTMENT CORP","Financial Institutions","Equity",8347700.5,0.05934,330602,25.25,"USD","Non-Nms Quotation Service (Nnqs)","United States"
"2025-12-01","US26884U3077","26884U307","EPR","EPR PROPERTIES","Financial Institutions","Equity",8286874.32,0.05891,270636,30.62,"USD","NYSE","United States"
"2025-12-01","KYG3730V1398","-","FTAI","FTAI AVIATION   FIXED RATE RESET C","Financial Institutions","Equity",8257636.16,0.0587,326647,25.28,"USD","NASDAQ","United States"
"2025-12-01","US70931T8062","70931T806","PMT","PENNYMAC MORTGAGE INVESTMENT TRUST","Financial Institutions","Equity",8252854.4,0.05867,327040,25.23,"USD","-","United States"
"2025-12-01","US02665T8760","02665T876","AMH","AMERICAN HOMES 4 RENT","Financial Institutions","Equity",8236165.14,0.05855,358172,23,"USD","-","United States"
"2025-12-01","US80349A8027","80349A802","SAR","SARATOGA INVESTMENT CORP","Financial Institutions","Equity",8234519.65,0.05854,331369,24.85,"USD","-","United States"
"2025-12-01","US56029Q4082","56029Q408","MHLD","MAIDEN HOLDINGS NORTH AMERICA LTD","Financial Institutions","Equity",8168565.3,0.05807,474365,17.22,"USD","NYSE","United States"
"2025-12-01","US73317H2067","73317H206","BPOP","POPULAR CAPITAL TRUST II","Financial Institutions","Equity",8143804.75,0.05789,326405,24.95,"USD","-","United States"
"2025-12-01","US7588498714","758849871","REG","REGENCY CENTERS   SERIES B CUMULAT","Financial Institutions","Equity",8120592.17,0.05773,357893,22.69,"USD","NASDAQ","United States"
"2025-12-01","US53803X4025","53803X402","LOB","LIVE OAK BANCSHARES INC","Financial Institutions","Equity",8082352.5,0.05746,316955,25.5,"USD","-","United States"
"2025-12-01","US9197943056","919794305","VLY","VALLEY NATL NON CUM PERP PREF SERI","Financial Institutions","Equity",8020102.77,0.05701,316461,25.34,"USD","Non-Nms Quotation Service (Nnqs)","United States"
"2025-12-01","US28852N4060","28852N406","EFC","ELLINGTON FINANCIAL INC","Financial Institutions","Equity",7909440.88,0.05623,314116,25.18,"USD","Non-Nms Quotation Service (Nnqs)","United States"
"2025-12-01","US25432X2018","25432X201","DCOM","DIME COMMUNITY BANCSHARES CUMULATI","Financial Institutions","Equity",7852014.57,0.05582,416111,18.87,"USD","NASDAQ","United States"
"2025-12-01","US0389238686","038923868","ABR","ARBOR REALTY TRUST INC","Financial Institutions","Equity",7825410.75,0.05563,453647,17.25,"USD","-","United States"
"2025-12-01","US00489Q3002","00489Q300","ACR","ACRES COMMERCIAL REALTY CORP","Financial Institutions","Equity",7812691.72,0.05554,353996,22.07,"USD","Non-Nms Quotation Service (Nnqs)","United States"
"2025-12-01","US3793784097","379378409","GNL","GLOBAL NET LEASE INC","Financial Institutions","Equity",7798437.12,0.05544,365952,21.31,"USD","-","United States"
"2025-12-01","US22948Q2003","22948Q200","CTO","CTO REALTY GROWTH INC","Financial Institutions","Equity",7789266.45,0.05537,367245,21.21,"USD","-","United States"
"2025-12-01","US3131488278","313148827","AGMPP","FEDERAL AGRIC MTG NON CUMULATIVE P","Agency","Equity",7708382.1,0.0548,314115,24.54,"USD","Non-Nms Quotation Service (Nnqs)","United States"
"2025-12-01","US0605055914","060505591","BAC","BANK OF AMERICA DEPOSITORY SHARES","Financial Institutions","Equity",7702208.8,0.05475,386465,19.93,"USD","NYSE","United States"
"2025-12-01","US05580M8275","05580M827","RILY","B. RILEY FINANCIAL INC","Financial Institutions","Equity",7687022.64,0.05465,319096,24.09,"USD","-","United States"
"2025-12-01","US29364P1030","29364P103","ETR","ENTERGY NEW ORLEANS INC","Utility","Equity",7679924.45,0.0546,341947,22.46,"USD","-","United States"
"2025-12-01","US16208T2015","16208T201","CLDT","CHATHAM LODGING TRUST","Financial Institutions","Equity",7542594.01,0.05362,374029,20.17,"USD","-","United States"
"2025-12-01","US6943082064","694308206","PCG","PACIFIC GAS & ELEC CO","Utility","Equity",7308005.9,0.05195,330679,22.1,"USD","Nyse Mkt Llc","United States"
"2025-12-01","US3131488435","313148843","FAMCA","FEDERAL AGRICULTURAL MORTGAGE CORP","Agency","Equity",7267208.6,0.05166,374020,19.43,"USD","Non-Nms Quotation Service (Nnqs)","United States"
"2025-12-01","US8678928040","867892804","SHO","SUNSTONE HOTEL INVESTORS INC","Financial Institutions","Equity",7259319.6,0.05161,360264,20.15,"USD","-","United States"
"2025-12-01","US74460W4463","74460W446","PSA","PUBLIC STORAGE","Financial Institutions","Equity",7251716.34,0.05155,451539,16.06,"USD","-","United States"
"2025-12-01","US8043958797","804395879","BFS","SAUL CENTERS INC","Financial Institutions","Equity",7100879.12,0.05048,342872,20.71,"USD","NYSE","United States"
"2025-12-01","US3131488351","313148835","FAMCA","FEDERAL AGRICULTURAL MORTGAGE   NO","Agency","Equity",7060421.76,0.05019,389648,18.12,"USD","NYSE","United States"
"2025-12-01","US5290433094","529043309","LXP","LXP INDUSTRIAL TRUST","Financial Institutions","Equity",7050294.09,0.05012,150214,46.94,"USD","NYSE","United States"
"2025-12-01","US0454872047","045487204","ASB","ASSOCIATED BANC DEPOSITARY SHARES","Financial Institutions","Equity",6932404.05,0.04928,323189,21.45,"USD","NYSE","United States"
"2025-12-01","US74348T5653","74348T565","PSEC","PROSPECT CAPITAL CORP","Financial Institutions","Equity",6925969.7,0.04924,407398,17,"USD","-","United States"
"2025-12-01","US14040H7742","14040H774","COF","CAPITAL ONE FINANCIAL CORPORATION","Financial Institutions","Equity",6857699.2,0.04875,389642,17.6,"USD","-","United States"
"2025-12-01","US9116847024","911684702","USM","UNITED STATES CELLULAR CORPORATION","Industrial","Equity",6808984.59,0.0484,334923,20.33,"USD","-","United States"
"2025-12-01","US3131488682","313148868","FAMCA","FEDERAL AGRICULTURAL MORTGAGE CORP","Agency","Equity",6645934.36,0.04725,311723,21.32,"USD","-","United States"
"2025-12-01","US0454874027","045487402","ASB","ASSOCIATED BANC-CORP","Financial Institutions","Equity",6549318.6,0.04656,314116,20.85,"USD","-","United States"
"2025-12-01","US7472623013","747262301","QVCN","QVC INC","Industrial","Equity",6515571.16,0.04632,706678,9.22,"USD","-","United States"
"2025-12-01","US70509V6056","70509V605","PEB","PEBBLEBROOK HOTEL TRUST","Financial Institutions","Equity",6328165.55,0.04499,341141,18.55,"USD","NYSE","United States"
"2025-12-01","US20451Q2030","20451Q203","CODI","COMPASS DIVERSIFIED HOLDINGS","Financial Institutions","Equity",6173376.45,0.04389,364211,16.95,"USD","Non-Nms Quotation Service (Nnqs)","United States"
"2025-12-01","US8660827044","866082704","INN","SUMMIT HOTEL PROPERTIES INC","Financial Institutions","Equity",6147250.12,0.0437,314116,19.57,"USD","Non-Nms Quotation Service (Nnqs)","United States"
"2025-12-01","US8678928875","867892887","SHO","SUNSTONE HOTEL INVESTORS INC","Financial Institutions","Equity",6047445.6,0.04299,311724,19.4,"USD","-","United States"
"2025-12-01","US9116848840","911684884","USM","UNITED STATES CELLULAR CORPORATION","Industrial","Equity",5916045,0.04206,330875,17.88,"USD","-","United States"
"2025-12-01","US75574U8870","75574U887","RC","READY CAPITAL CORP","Financial Institutions","Equity",5150614.02,0.03662,358179,14.38,"USD","-","United States"
"2025-12-01","US5602923022","560292302","MHLD","MAIDEN HOLDINGS LTD","Financial Institutions","Equity",5065189.65,0.03601,348123,14.55,"USD","-","United States"
"2025-12-01","US10482B2007","10482B200","BHR","BRAEMAR HOTEL & RESORTS INC","Financial Institutions","Equity",3677257.7,0.02614,243527,15.1,"USD","NYSE","United States"
"2025-12-01","US74915M3088","74915M308","QRTEA","QURATE RETAIL .0 CUMULATIVE REDEEM","Industrial","Equity",3451434.07,0.02454,1006249,3.43,"USD","NASDAQ","United States"
"2025-12-01","US5835432023","583543202","SLNH","SOLUNA HOLDINGS INC","Industrial","Equity",3235138.5,0.023,392138,8.25,"USD","NASDAQ","United States"
"2025-12-01","US34988VAF31","34988VAF3","FOSL","FOSSIL GROUP INC","Industrial","Fixed Income",998343.36,0.0071,1174925,84.6,"USD","-","United States"
"2025-12-01","US30258N5014","30258N501","FATBP","FAT BRANDS   CUM PRF SERIES B INC","Industrial","Equity",694287,0.00494,694287,1,"USD","NASDAQ","United States"
"2025-12-01","US34988V1145","34988V114","-","FOSSIL GROUP INC","Industrial","Equity",61794.48,0.00044,23496,2.63,"USD","NO MARKET (E.G. UNLISTED)","United States"
"2025-12-01","-","-","USD","USD CASH","Cash and/or Derivatives","Cash",-87113411.34,-0.61928,-87113411,100,"USD","-","United States"
