"baseline_date","current_date","isin","ticker","name","sector","baseline_price","current_price","price_return_pct","drift_ratio","baseline_weight_pct","implied_weight_pct","weight_gap_pct","predicted_dollar_flow","predicted_action"
"2026-03-31","2026-04-16","US34988VAF31","FOSL","FOSSIL GROUP INC","Industrial",92.26,96.41,4.498,0.98822,0.0082,0.8145,0.80632,112139657.0,"SELL"
"2026-03-31","2026-04-16","US68389X2045","ORCL","ORACLE CORPORATION","Industrial",45.01,53.22,18.24,1.11818,2.3115,2.6189,0.30734,42744187.0,"SELL"
"2026-03-31","2026-04-16","US0126532003","ALB","ALBEMARLE CORP","Industrial",71.85,84.98,18.274,1.1185,1.6973,1.9235,0.22622,31462164.0,"SELL"
"2026-03-31","2026-04-16","US0970232049","BA","BOEING CO","Industrial",64.88,69.9,7.737,1.01885,3.8316,3.9555,0.12384,17222808.0,"SELL"
"2026-03-31","2026-04-16","US5950173022","MCHP","MICROCHIP TECHNOLOGY INCORPORATED","Industrial",56.97,66.77,17.202,1.10836,0.8689,0.9758,0.10689,14865395.0,"SELL"
"2026-03-31","2026-04-16","US82846H5046","QXO","QXO INC","Industrial",54.99,66.53,20.986,1.14414,0.3247,0.3765,0.05172,7192386.0,"SELL"
"2026-03-31","2026-04-16","US48251W5004","KKR","KKR & CO INC","Financial Institutions",40.22,43.7,8.652,1.0275,1.0689,1.1128,0.04392,6107699.0,"SELL"
"2026-03-31","2026-04-16","US42824C2089","HPE","HEWLETT PACKARD ENTERPRISE CONV PR","Industrial",64.51,69.99,8.495,1.02601,0.9939,1.0332,0.03934,5470641.0,"SELL"
"2026-03-31","2026-04-16","US9182842099","VSEC","VSE CORP","Industrial",50.3,56.92,13.161,1.07014,0.2379,0.258,0.02006,2789269.0,"SELL"
"2026-03-31","2026-04-16","US10950A2050","BTSG","BRIGHTSPRING HEALTH SERVICES UNITS","Industrial",142.04,152.7,7.505,1.01665,0.5836,0.6011,0.01757,2443046.0,"SELL"
"2026-03-31","2026-04-16","US82452J3077","FOUR","SHIFT4 PAYMENTS INC","Industrial",53.64,59.52,10.962,1.04935,0.2755,0.2929,0.01741,2421393.0,"SELL"
"2026-03-31","2026-04-16","US8794337613","TDS","TELEPHONE AND DATA SYSTEMS INC","Industrial",17.68,19.71,11.482,1.05426,0.2506,0.2677,0.01709,2377381.0,"SELL"
"2026-03-31","2026-04-16","US03769M3043","APO","APOLLO GLOBAL MANAGEMENT INC","Financial Institutions",58.46,62.19,6.38,1.00602,0.8631,0.8798,0.01668,2319651.0,"SELL"
"2026-03-31","2026-04-16","US03990B3096","ARES","ARES MANAGEMENT CORP","Financial Institutions",36.18,38.82,7.297,1.01468,0.5574,0.5731,0.01566,2177677.0,"SELL"
"2026-03-31","2026-04-16","US1167942077","BRKR","BRUKER CORPORATION","Industrial",282.25,306.06,8.436,1.02546,0.4001,0.4157,0.0156,2170182.0,"SELL"
"2026-03-31","2026-04-16","US6494452021","FLG","NEW YORK COMMUNITY BANCORP INT FXD","Financial Institutions",21.05,22.94,8.979,1.03059,0.2227,0.2325,0.00985,1369567.0,"SELL"
"2026-03-31","2026-04-16","US87165B2025","SYF","SYNCHRONY FINANCIAL","Financial Institutions",18.57,19.99,7.647,1.01799,0.2861,0.2951,0.009,1251324.0,"SELL"
"2026-03-31","2026-04-16","US25525P2065","DHC","DIVERSIFIED HEALTHCARE .625% SENIO","Financial Institutions",16.18,18.05,11.557,1.05498,0.1163,0.1243,0.00801,1114646.0,"SELL"
"2026-03-31","2026-04-16","US16934Q5053","CIM","CHIMERA INVESTMENT CORP","Financial Institutions",19.72,22.13,12.221,1.06125,0.1053,0.1133,0.00793,1103368.0,"SELL"
"2026-03-31","2026-04-16","US10922N7075","BHF","BRIGHTHOUSE FINANCIAL INC","Financial Institutions",12.0,13.22,10.167,1.04182,0.1417,0.1496,0.00788,1095832.0,"SELL"
"2026-03-31","2026-04-16","US16934Q4064","CIM","CHIMERA INVESTMENT CORP","Financial Institutions",21.84,23.99,9.844,1.03878,0.1458,0.1535,0.00766,1064723.0,"SELL"
"2026-03-31","2026-04-16","US48251W6093","KKR","KKR & CO INC","Financial Institutions",23.26,24.86,6.879,1.01073,0.2819,0.2887,0.0068,945285.0,"SELL"
"2026-03-31","2026-04-16","US64828T5083","RITM","NEW RESIDENTIAL INVESTMENT CORP","Financial Institutions",22.66,24.51,8.164,1.02289,0.1851,0.1918,0.00674,937773.0,"SELL"
"2026-03-31","2026-04-16","US4440973075","HPP","HUDSON PACIFIC PROPERTIES INC","Financial Institutions",12.89,14.25,10.551,1.04546,0.1125,0.1192,0.00667,927878.0,"SELL"
"2026-03-31","2026-04-16","US5949728878","MSTR","STRATEGY INC","Industrial",70.7,74.75,5.728,0.99985,0.5091,0.5158,0.00666,925825.0,"SELL"
"2026-03-31","2026-04-16","US10922N3017","BHF","BRIGHTHOUSE FINANCIAL INC","Financial Institutions",14.76,16.2,9.756,1.03794,0.1289,0.1355,0.00665,925349.0,"SELL"
"2026-03-31","2026-04-16","US9290428443","VNO","VORNADO REALTY TRUST 5.4% CUM RED","Financial Institutions",16.2,18.0,11.111,1.05076,0.0998,0.1063,0.00646,898289.0,"SELL"
"2026-03-31","2026-04-16","US05614L4077","BW","BABCOCK & WILCOX ENTERPRISES INC","Industrial",19.21,21.67,12.806,1.06678,0.0757,0.0818,0.00612,850973.0,"SELL"
"2026-03-31","2026-04-16","US0200028381","ALL","ALLSTATE CORPORATION (THE)","Financial Institutions",19.77,20.9,5.716,0.99973,0.467,0.4731,0.00605,841626.0,"SELL"
"2026-03-31","2026-04-16","US55272X5086","MFA","MFA FINANCIAL INC","Financial Institutions",21.17,23.21,9.636,1.03681,0.1196,0.1256,0.00604,839902.0,"SELL"
"2026-03-31","2026-04-16","US25525P3055","DHC","DIVERSIFIED HEALTHCARE .25% SENIOR","Financial Institutions",17.12,19.04,11.215,1.05174,0.0879,0.0937,0.00577,802083.0,"SELL"
"2026-03-31","2026-04-16","US9290428286","VNO","VORNADO REALTY TRUST","Financial Institutions",16.19,17.81,10.006,1.04031,0.1062,0.112,0.00575,799424.0,"SELL"
"2026-03-31","2026-04-16","US9290428104","VNO","VORNADO REALTY TRUST","Financial Institutions",16.25,17.93,10.338,1.04345,0.1001,0.1059,0.00574,797689.0,"SELL"
"2026-03-31","2026-04-16","US8794337878","TDS","TELEPHONE DATA SYS DRC INC","Industrial",20.01,21.57,7.796,1.01941,0.1726,0.1783,0.00568,789475.0,"SELL"
"2026-03-31","2026-04-16","US75574U8383","RC","READY CAPITAL CORP","Financial Institutions",18.6,21.48,15.484,1.09211,0.0497,0.055,0.00529,735400.0,"SELL"
"2026-03-31","2026-04-16","US74915M3088","QVCGA","QURATE RETAIL .0 CUMULATIVE REDEEM","Industrial",2.53,3.41,34.783,1.27461,0.0172,0.0222,0.00501,696548.0,"SELL"
"2026-03-31","2026-04-16","US74348T5653","PSEC","PROSPECT CAPITAL CORP","Financial Institutions",16.0,18.6,16.25,1.09935,0.0431,0.0481,0.00491,683289.0,"SELL"
"2026-03-31","2026-04-16","US10922N5095","BHF","BRIGHTHOUSE FINANCIAL INC","Financial Institutions",15.56,16.85,8.29,1.02408,0.1286,0.1335,0.00484,672689.0,"SELL"
"2026-03-31","2026-04-16","US9290427940","VNO","VORNADO REALTY TRUST","Financial Institutions",14.26,15.65,9.748,1.03786,0.0879,0.0924,0.00453,630343.0,"SELL"
"2026-03-31","2026-04-16","US8425878001","SO","SOUTHERN COMPANY (THE)","Utility",19.3,20.35,5.44,0.99713,0.3965,0.4005,0.00409,569190.0,"SELL"
"2026-03-31","2026-04-16","US74913G8814","CTL","QWEST CORP","Industrial",18.7,19.72,5.455,0.99726,0.3755,0.3794,0.00393,546190.0,"SELL"
"2026-03-31","2026-04-16","US8168516040","SRE","SEMPRA ENERGY","Utility",20.6,21.75,5.583,0.99847,0.3205,0.3243,0.00374,520142.0,"SELL"
"2026-03-31","2026-04-16","US0082528276","AMG","AFFILIATED MANAGERS GROUP INC.","Financial Institutions",22.4,23.79,6.205,1.00436,0.2071,0.2107,0.00365,508190.0,"SELL"
"2026-03-31","2026-04-16","US26884U2087","EPR","EPR PROPERTIES 5.75% CUM CONV PREF","Financial Institutions",22.61,24.92,10.217,1.0423,0.0651,0.0688,0.00365,508177.0,"SELL"
"2026-03-31","2026-04-16","US10922N8891","BHF","BRIGHTHOUSE FINANCIAL INC","Financial Institutions",10.84,11.83,9.133,1.03205,0.0779,0.0815,0.00357,495902.0,"SELL"
"2026-03-31","2026-04-16","US38741L3050","GPMT","GRANITE POINT MORTGAGE TRUST INC","Financial Institutions",18.15,19.75,8.815,1.02905,0.0767,0.08,0.00327,455100.0,"SELL"
"2026-03-31","2026-04-16","US11276B1098","BIP","BROOKFIELD INFRASTRUCTURE FINANCE","Utility",15.1,16.41,8.675,1.02772,0.0775,0.0807,0.00321,445887.0,"SELL"
"2026-03-31","2026-04-16","US16934Q6044","CIM","CHIMERA INVESTMENT CORP","Financial Institutions",22.26,24.03,7.951,1.02088,0.0915,0.0946,0.00315,437546.0,"SELL"
"2026-03-31","2026-04-16","US4932678430","KEY","KEYCORP","Financial Institutions",23.73,25.0,5.352,0.99629,0.2925,0.2952,0.00276,384510.0,"SELL"
"2026-03-31","2026-04-16","US20451Q3020","CODI","COMPASS DIVERSIFIED HOLDINGS FIXED","Financial Institutions",19.51,21.07,7.996,1.0213,0.0754,0.078,0.00262,364726.0,"SELL"
"2026-03-31","2026-04-16","US20451Q2030","CODI","COMPASS DIVERSIFIED HOLDINGS","Financial Institutions",17.52,19.4,10.731,1.04716,0.0421,0.0446,0.00257,356760.0,"SELL"
"2026-03-31","2026-04-16","US70931T4004","PMT","PENNYMAC MORTGAGE INVESTMENT TRUST","Financial Institutions",21.96,23.58,7.377,1.01544,0.088,0.0905,0.00254,353673.0,"SELL"
"2026-03-31","2026-04-16","US78407R2040","EIX","SCE TRUST II CUM TRUST SECS P","Utility",17.57,18.9,7.57,1.01727,0.0794,0.0818,0.00244,339705.0,"SELL"
"2026-03-31","2026-04-16","US05580M8358","RILY","B. RILEY FINANCIAL INC","Financial Institutions",17.01,18.3,7.584,1.0174,0.0767,0.0791,0.00237,329180.0,"SELL"
"2026-03-31","2026-04-16","BMG9078F1499","TRTN","TRITON INTERNATIONAL LTD","Industrial",23.58,25.26,7.125,1.01306,0.0848,0.087,0.00224,311213.0,"SELL"
"2026-03-31","2026-04-16","US89832Q7455","TFC","TRUIST FINANCIAL PERPETUAL PREF SE","Financial Institutions",20.57,21.66,5.299,0.99579,0.243,0.2451,0.00218,303234.0,"SELL"
"2026-03-31","2026-04-16","US55272X4097","MFA","MFA FINANCIAL INC","Financial Institutions",19.1,20.46,7.12,1.01302,0.0785,0.0805,0.00207,288234.0,"SELL"
"2026-03-31","2026-04-16","US70931T5092","PMT","PENNYMAC MORTGAGE INVESTMENT TRUST","Financial Institutions",17.36,18.52,6.682,1.00887,0.0891,0.0911,0.00198,275167.0,"FLAT"
"2026-03-31","2026-04-16","BMG9078F1564","TRTN","TRITON INTERNATIONAL LTD","Industrial",18.16,19.5,7.379,1.01546,0.0653,0.0672,0.00188,261781.0,"FLAT"
"2026-03-31","2026-04-16","US5602923022","MHLD","MAIDEN HOLDINGS LTD","Financial Institutions",10.63,11.86,11.571,1.0551,0.0258,0.0276,0.00178,247732.0,"FLAT"
"2026-03-31","2026-04-16","US59156R8503","MET","METLIFE INC","Financial Institutions",18.36,19.24,4.793,0.99101,0.3771,0.3787,0.00154,214854.0,"FLAT"
"2026-03-31","2026-04-16","US3793785086","GNL","GLOBAL NET LEASE   CUMULATIVE REDE","Financial Institutions",22.42,23.79,6.111,1.00347,0.0913,0.0929,0.00153,213061.0,"FLAT"
"2026-03-31","2026-04-16","US8678928040","SHO","SUNSTONE HOTEL INVESTORS INC","Financial Institutions",19.29,20.8,7.828,1.01971,0.045,0.0465,0.0015,208326.0,"FLAT"
"2026-03-31","2026-04-16","US30190A6091","FG","F&G ANNUITIES & LIFE INC","Financial Institutions",20.1,21.17,5.323,0.99602,0.1548,0.1563,0.00143,198515.0,"FLAT"
"2026-03-31","2026-04-16","US16934Q3074","CIM","CHIMERA INVESTMENT CORP","Financial Institutions",20.48,21.84,6.641,1.00848,0.0635,0.0648,0.00138,192070.0,"FLAT"
"2026-03-31","2026-04-16","US70509V8862","PEB","PEBBLEBROOK HOTEL TRUST","Financial Institutions",17.39,18.5,6.383,1.00604,0.0699,0.0713,0.00135,188228.0,"FLAT"
"2026-03-31","2026-04-16","US75574U8870","RC","READY CAPITAL CORP","Financial Institutions",10.13,11.16,10.168,1.04183,0.0239,0.0253,0.00133,184639.0,"FLAT"
"2026-03-31","2026-04-16","US06417N2027","OZK","BANK OZK","Financial Institutions",15.76,16.63,5.52,0.99788,0.1135,0.1147,0.00125,174455.0,"FLAT"
"2026-03-31","2026-04-16","US03939A4040","ACGL","ARCH CAPITAL GROUP LTD.","Financial Institutions",16.43,17.27,5.113,0.99403,0.1688,0.17,0.00121,167857.0,"FLAT"
"2026-03-31","2026-04-16","US03939A1079","ACGL","ARCH CAPITAL GROUP LTD.","Financial Institutions",19.48,20.51,5.287,0.99568,0.1321,0.1332,0.00117,162061.0,"FLAT"
"2026-03-31","2026-04-16","US26884U3077","EPR","EPR PROPERTIES","Financial Institutions",30.38,32.35,6.485,1.007,0.0559,0.0571,0.00113,157409.0,"FLAT"
"2026-03-31","2026-04-16","US29364D1000","ETR","ENTERGY ARKANSAS LLC","Utility",19.68,20.67,5.03,0.99325,0.1674,0.1685,0.00106,148099.0,"FLAT"
"2026-03-31","2026-04-16","US0256768591","ANGINC","AMERICAN NATIONAL GROUP INC","Financial Institutions",23.6,24.8,5.085,0.99377,0.1454,0.1464,0.001,139411.0,"FLAT"
"2026-03-31","2026-04-16","US04686J8383","ATH","ATHENE HOLDING LTD","Financial Institutions",23.68,24.8,4.73,0.99041,0.2797,0.2807,0.00098,135985.0,"FLAT"
"2026-03-31","2026-04-16","USG162522670","BIP","BROOKFIELD INFRASTRUCTURE   CLASS","Utility",16.15,17.1,5.882,1.00131,0.0664,0.0673,0.00097,134288.0,"FLAT"
"2026-03-31","2026-04-16","US74460W5528","PSA","PUBLIC STORAGE","Financial Institutions",17.52,18.37,4.852,0.99156,0.2033,0.2043,0.00095,131693.0,"FLAT"
"2026-03-31","2026-04-16","US11271L1026","BNCN","BROOKFIELD FINANCE INC","Financial Institutions",15.15,15.93,5.149,0.99437,0.1245,0.1254,0.00093,129563.0,"FLAT"
"2026-03-31","2026-04-16","US58844R7026","MBIN","MERCHANTS BANCORP","Financial Institutions",19.2,20.27,5.573,0.99838,0.0774,0.0783,0.0009,125070.0,"FLAT"
"2026-03-31","2026-04-16","US20451Q4010","CODI","COMPASS DIVERSIFIED HOLDINGS","Financial Institutions",19.54,20.62,5.527,0.99795,0.0793,0.0802,0.00089,123300.0,"FLAT"
"2026-03-31","2026-04-16","US87266M2061","TRTX","TPG RE FIN TR PREF SERIES C INC TR","Financial Institutions",17.68,18.67,5.6,0.99863,0.0731,0.074,0.00087,120523.0,"FLAT"
"2026-03-31","2026-04-16","US6496048819","ADAM","NEW YORK MORTGAGE TRUST INC","Financial Institutions",21.69,22.92,5.671,0.99931,0.0685,0.0693,0.00085,118522.0,"FLAT"
"2026-03-31","2026-04-16","US29452E2000","EQH","EQUITABLE HLDNGS  DRC REPRESENTING","Financial Institutions",19.41,20.31,4.637,0.98953,0.3194,0.3202,0.00084,116547.0,"FLAT"
"2026-03-31","2026-04-16","US4101204067","HWC","HANCOCK WHITNEY CORP","Financial Institutions",21.62,22.8,5.458,0.99729,0.0766,0.0774,0.0008,111191.0,"FLAT"
"2026-03-31","2026-04-16","US00775V1044","AEGON","AEGON FUNDING CORPORATION II","Financial Institutions",18.95,19.82,4.591,0.9891,0.3601,0.3609,0.00078,109017.0,"FLAT"
"2026-03-31","2026-04-16","US11276B2088","BIP","BROOKFIELD INFRASTRUCTURE FINANCE","Utility",22.66,23.88,5.384,0.99659,0.0735,0.0743,0.00072,100102.0,"FLAT"
"2026-03-31","2026-04-16","US70509V8037","PEB","PEBBLEBROOK HOTEL TRUST","Financial Institutions",19.4,20.4,5.155,0.99443,0.0905,0.0912,0.00068,95053.0,"FLAT"
"2026-03-31","2026-04-16","US78410V2007","EIX","SCE TRUST VI","Financial Institutions",17.3,18.12,4.74,0.9905,0.1688,0.1694,0.00061,85066.0,"FLAT"
"2026-03-31","2026-04-16","US70931T3014","PMT","PENNYMAC MORTGAGE INVESTMENT TRUST","Financial Institutions",22.52,23.76,5.506,0.99775,0.0553,0.0559,0.00061,84662.0,"FLAT"
"2026-03-31","2026-04-16","BMG9078F3057","TRTN","TRITON INTL CUM RED PERP PREF SER","Industrial",23.54,24.73,5.055,0.99349,0.0846,0.0852,0.00056,78032.0,"FLAT"
"2026-03-31","2026-04-16","US2333318598","DTE","DTE ENERGY COMPANY","Utility",20.55,21.51,4.672,0.98986,0.1689,0.1694,0.00049,68786.0,"FLAT"
"2026-03-31","2026-04-16","US6374321056","NRUC","NATIONAL RURAL UTILITIES COOPERATI","Utility",22.95,24.05,4.793,0.99101,0.1178,0.1183,0.00049,68007.0,"FLAT"
"2026-03-31","2026-04-16","BMG9078F1648","TRTN","TRITON INTERNATIONAL LTD","Industrial",23.76,24.96,5.051,0.99344,0.0732,0.0737,0.00049,67575.0,"FLAT"
"2026-03-31","2026-04-16","US7244795065","PBI","PITNEY BOWES INC","Industrial",19.2,20.1,4.688,0.99001,0.1379,0.1384,0.00043,59610.0,"FLAT"
"2026-03-31","2026-04-16","US56029Q4082","MHLD","MAIDEN HOLDINGS NORTH AMERICA LTD","Financial Institutions",11.99,12.65,5.505,0.99774,0.0376,0.038,0.00041,56459.0,"FLAT"
"2026-03-31","2026-04-16","US05554M1009","BIP","BIP BERMUDA HOLDINGS I LTD","Financial Institutions",15.85,16.61,4.795,0.99102,0.0977,0.0981,0.0004,55767.0,"FLAT"
"2026-03-31","2026-04-16","US0625452075","BOH","BANK OF HAWAII CORP","Financial Institutions",15.64,16.43,5.051,0.99345,0.0579,0.0583,0.00038,52643.0,"FLAT"
"2026-03-31","2026-04-16","US70509V7047","PEB","PEBBLEBROOK HOTEL TRUST","Financial Institutions",19.3,20.27,5.026,0.99321,0.0584,0.0588,0.00037,52055.0,"FLAT"
"2026-03-31","2026-04-16","US0200028126","ALL","ALLSTATE CORPORATION (THE)","Financial Institutions",18.56,19.43,4.688,0.99001,0.1144,0.1147,0.00035,49080.0,"FLAT"
"2026-03-31","2026-04-16","US9030025095","UMH","UMH PROPERTIES INC","Financial Institutions",20.76,21.72,4.624,0.98941,0.1384,0.1387,0.00035,48619.0,"FLAT"
"2026-03-31","2026-04-16","US14040H7742","COF","CAPITAL ONE FINANCIAL CORPORATION","Financial Institutions",16.96,17.82,5.071,0.99363,0.0435,0.0438,0.00029,40737.0,"FLAT"
"2026-03-31","2026-04-16","US3733344408","SO","GEORGIA POWER COMPANY","Utility",21.26,22.24,4.61,0.98927,0.1179,0.1182,0.00028,38798.0,"FLAT"
"2026-03-31","2026-04-16","US74913G8731","CTL","QWEST CORP","Industrial",19.0,19.85,4.474,0.98799,0.2576,0.2579,0.00027,37604.0,"FLAT"
"2026-03-31","2026-04-16","US14040H7585","COF","CAPITAL ONE FINANCIAL CORPORATION","Financial Institutions",16.09,16.81,4.475,0.988,0.2231,0.2233,0.00024,33064.0,"FLAT"
"2026-03-31","2026-04-16","US74460W6690","PSA","PUBLIC STORAGE","Financial Institutions",19.33,20.21,4.553,0.98873,0.1191,0.1193,0.00022,30423.0,"FLAT"
"2026-03-31","2026-04-16","US3602713089","FULT","FULTON FINANCIAL CORPORATION","Financial Institutions",17.79,18.62,4.666,0.9898,0.0732,0.0734,0.00021,28888.0,"FLAT"
"2026-03-31","2026-04-16","US64828T8889","RITM","RITHM CAPITAL CORP","Financial Institutions",23.94,25.02,4.511,0.98834,0.1229,0.1231,0.00017,23934.0,"FLAT"
"2026-03-31","2026-04-16","US89832Q6952","TFC","TRUIST FINANCIAL DRC CORP","Financial Institutions",18.13,18.93,4.413,0.98741,0.3445,0.3447,0.00016,22257.0,"FLAT"
"2026-03-31","2026-04-16","US11259P2083","BEPUCN","BROOKFIELD BRP HOLDINGS (CANADA) I","Utility",14.94,15.62,4.552,0.98872,0.0798,0.0799,0.00015,20520.0,"FLAT"
"2026-03-31","2026-04-16","US4884013081","KMPR","KEMPER CORP","Financial Institutions",22.79,23.83,4.563,0.98884,0.0702,0.0704,0.00013,18596.0,"FLAT"
"2026-03-31","2026-04-16","US0605055914","BAC","BANK OF AMERICA DEPOSITORY SHARES","Financial Institutions",19.05,19.93,4.619,0.98936,0.053,0.0531,0.00013,17865.0,"FLAT"
"2026-03-31","2026-04-16","US48253M1045","KKR","KKR GROUP FINANCE CO IX LLC","Financial Institutions",16.0,16.71,4.438,0.98764,0.1643,0.1645,0.00011,15960.0,"FLAT"
"2026-03-31","2026-04-16","US70509V6056","PEB","PEBBLEBROOK HOTEL TRUST","Financial Institutions",19.21,20.1,4.633,0.98949,0.0421,0.0422,0.00011,15008.0,"FLAT"
"2026-03-31","2026-04-16","BMG7498P1279","RNR","RENAISSANCERE HOLDINGS LTD","Financial Institutions",15.11,15.78,4.434,0.98761,0.1552,0.1553,0.0001,14409.0,"FLAT"
"2026-03-31","2026-04-16","US14040H7338","COF","CAPITAL ONE FINL DS REPSTG  TH PRF","Financial Institutions",15.67,16.36,4.403,0.98732,0.1368,0.1369,5e-05,7224.0,"FLAT"
"2026-03-31","2026-04-16","US37959E3009","GL","GLOBE LIFE INC","Financial Institutions",15.4,16.08,4.416,0.98744,0.1028,0.1029,5e-05,6746.0,"FLAT"
"2026-03-31","2026-04-16","US10482B2007","BHR","BRAEMAR HOTEL & RESORTS INC","Financial Institutions",14.54,15.2,4.539,0.98861,0.0245,0.0246,4e-05,5398.0,"FLAT"
"2026-03-31","2026-04-16","US28852N4060","EFC","ELLINGTON FINANCIAL INC","Financial Institutions",24.5,25.58,4.408,0.98737,0.0503,0.0503,2e-05,2411.0,"FLAT"
"2026-03-31","2026-04-16","US11272B1035","BNCN","BROOKFIELD FINANCE I UK PLC","Financial Institutions",14.54,15.17,4.333,0.98666,0.0687,0.0687,-2e-05,-2339.0,"FLAT"
"2026-03-31","2026-04-16","US3167738869","FITB","FIFTH THIRD BANCORP  DEPOSITORY SH","Financial Institutions",23.05,24.05,4.338,0.98671,0.0947,0.0947,-3e-05,-3501.0,"FLAT"
"2026-03-31","2026-04-16","US64944P3073","NYCB","NEW YORK COMMUNITY CAPITAL TRUST V","Financial Institutions",38.75,40.42,4.31,0.98644,0.0577,0.0577,-3e-05,-3550.0,"FLAT"
"2026-03-31","2026-04-16","US89832Q8107","TFC","TRUIST FINANCIAL DS REPRESENTING","Financial Institutions",18.6,19.4,4.301,0.98635,0.0659,0.0659,-4e-05,-5172.0,"FLAT"
"2026-03-31","2026-04-16","US28852N3070","EFC","ELLINGTON FINANCIAL INC","Financial Institutions",23.61,24.59,4.151,0.98493,0.0585,0.0583,-0.00012,-17131.0,"FLAT"
"2026-03-31","2026-04-16","US2333318184","DTE","DTE ENERGY CO","Utility",16.45,17.14,4.195,0.98535,0.0946,0.0945,-0.00016,-21614.0,"FLAT"
"2026-03-31","2026-04-16","US29452E4089","EQH","EQUITABLE HOLDINGS INC","Financial Institutions",15.96,16.63,4.198,0.98538,0.0985,0.0983,-0.00016,-22250.0,"FLAT"
"2026-03-31","2026-04-16","US0082528433","AMG","AFFILIATED MANAGERS GROUP INC.","Financial Institutions",16.07,16.74,4.169,0.98511,0.0908,0.0906,-0.00017,-23800.0,"FLAT"
"2026-03-31","2026-04-16","US7588498896","REG","REGENCY CENTERS   SERIES A CUMULAT","Financial Institutions",22.35,23.25,4.027,0.98376,0.0528,0.0526,-0.00017,-24193.0,"FLAT"
"2026-03-31","2026-04-16","US84857L7055","SR","SPIRE INC","Utility",23.96,24.95,4.132,0.98475,0.0984,0.0982,-0.00022,-30910.0,"FLAT"
"2026-03-31","2026-04-16","US58844R8842","MBIN","MERCHANTS BANCORP","Financial Institutions",24.35,25.32,3.984,0.98335,0.0713,0.071,-0.00026,-35641.0,"FLAT"
"2026-03-31","2026-04-16","US10922N2027","BHF","BRIGHTHOUSE FINANCIAL INC","Financial Institutions",16.4,17.08,4.146,0.98489,0.1263,0.1261,-0.00026,-36346.0,"FLAT"
"2026-03-31","2026-04-16","US46131B5066","IVR","INVESCO MORTGAGE CAPITAL INC","Financial Institutions",23.36,24.3,4.024,0.98373,0.0817,0.0815,-0.00026,-36841.0,"FLAT"
"2026-03-31","2026-04-16","BMG162491648","BPY","BROOKFIELD PROPERTY PARTNERS LP","Industrial",13.27,13.8,3.994,0.98345,0.0784,0.0781,-0.00028,-39146.0,"FLAT"
"2026-03-31","2026-04-16","US11259P3073","BEPUCN","BROOKFIELD BRP HOLDINGS (CANADA) I","Utility",23.73,24.67,3.961,0.98314,0.0731,0.0728,-0.00029,-39823.0,"FLAT"
"2026-03-31","2026-04-16","US74460W5940","PSA","PUBLIC STORAGE DEP SHS REPSTG  TH","Financial Institutions",17.86,18.58,4.031,0.9838,0.0949,0.0946,-0.0003,-42215.0,"FLAT"
"2026-03-31","2026-04-16","US0259328724","AFG","AMERICAN FINANCIAL GROUP INC","Financial Institutions",19.58,20.33,3.83,0.9819,0.0603,0.06,-0.0003,-42371.0,"FLAT"
"2026-03-31","2026-04-16","US74965L2007","RLJ","RLJ LODGING .95 CUMULATIVE CONVERT","Financial Institutions",24.1,25.1,4.149,0.98492,0.1594,0.1591,-0.00033,-46243.0,"FLAT"
"2026-03-31","2026-04-16","US3205178656","FHN","FIRST HORIZON CORP (TENNESSEE)","Financial Institutions",17.14,17.77,3.676,0.98044,0.0528,0.0525,-0.00035,-48945.0,"FLAT"
"2026-03-31","2026-04-16","US74460W4463","PSA","PUBLIC STORAGE","Financial Institutions",14.99,15.51,3.469,0.97849,0.0443,0.0439,-0.00038,-52653.0,"FLAT"
"2026-03-31","2026-04-16","US7443208886","PRU","PRUDENTIAL FINANCIAL INC","Financial Institutions",16.29,16.96,4.113,0.98458,0.1675,0.1671,-0.0004,-56009.0,"FLAT"
"2026-03-31","2026-04-16","US74460W4612","PSA","PUBLIC STORAGE","Financial Institutions",15.23,15.86,4.137,0.9848,0.1889,0.1885,-0.00041,-57112.0,"FLAT"
"2026-03-31","2026-04-16","US0259328807","AFG","AMERICAN FINANCIAL GROUP INC","Financial Institutions",18.07,18.75,3.763,0.98127,0.0742,0.0738,-0.00043,-59673.0,"FLAT"
"2026-03-31","2026-04-16","US64828T4094","RITM","NEW RESIDENTIAL INVESTMENT CORP","Financial Institutions",24.24,25.22,4.043,0.98391,0.1402,0.1397,-0.00043,-59883.0,"FLAT"
"2026-03-31","2026-04-16","US04686J2006","ATH","ATHENE HLDG DRC LTD","Financial Institutions",18.88,19.64,4.025,0.98375,0.1338,0.1334,-0.00044,-60752.0,"FLAT"
"2026-03-31","2026-04-16","US3793783008","GNL","GLOBAL NET LEASE PREF SERIES A INC","Financial Institutions",21.71,22.52,3.731,0.98096,0.0758,0.0753,-0.00046,-64000.0,"FLAT"
"2026-03-31","2026-04-16","US2333318267","DTE","DTE ENERGY COMPANY","Utility",16.33,16.94,3.735,0.98101,0.0771,0.0767,-0.00046,-64083.0,"FLAT"
"2026-03-31","2026-04-16","BMG053841703","AHL","ASPEN INSURANCE HOLDINGS LTD","Financial Institutions",23.3,24.21,3.906,0.98261,0.1077,0.1072,-0.00047,-65184.0,"FLAT"
"2026-03-31","2026-04-16","US4932678760","KEY","KEYCORP","Financial Institutions",20.8,21.65,4.087,0.98433,0.1816,0.1811,-0.00049,-67734.0,"FLAT"
"2026-03-31","2026-04-16","BMG9078F2067","TRTN","TRITON INTERNATIONAL LTD","Industrial",22.45,23.27,3.653,0.98022,0.072,0.0715,-0.00049,-68620.0,"FLAT"
"2026-03-31","2026-04-16","US0454874027","ASB","ASSOCIATED BANC-CORP","Financial Institutions",19.74,20.35,3.09,0.9749,0.0406,0.0401,-0.0005,-69419.0,"FLAT"
"2026-03-31","2026-04-16","US38144X6094","GS","GOLDMAN SACHS GROUP INC","Financial Institutions",19.15,19.86,3.708,0.98074,0.0787,0.0782,-0.0005,-69463.0,"FLAT"
"2026-03-31","2026-04-16","US75968N3098","RNR","RENAISSANCERE HOLDINGS LTD","Financial Institutions",20.79,21.59,3.848,0.98207,0.1068,0.1062,-0.00053,-73090.0,"FLAT"
"2026-03-31","2026-04-16","US17259U4022","CICC","CION INVESTMENT   NOTES DUE CORP","Financial Institutions",24.4,25.25,3.484,0.97862,0.0627,0.0622,-0.00053,-73602.0,"FLAT"
"2026-03-31","2026-04-16","US7591EP7044","RF","REGIONS FINANCIAL CORPORATION","Financial Institutions",23.5,24.47,4.128,0.98471,0.2414,0.2408,-0.00055,-76027.0,"FLAT"
"2026-03-31","2026-04-16","US5977423038","MSBI","MIDLAND STATES BANCORP INC","Financial Institutions",24.35,25.17,3.368,0.97753,0.0575,0.057,-0.00055,-76222.0,"FLAT"
"2026-03-31","2026-04-16","US74460W4208","PSA","PUBLIC STORAGE","Financial Institutions",15.23,15.83,3.94,0.98294,0.1361,0.1355,-0.00055,-76705.0,"FLAT"
"2026-03-31","2026-04-16","US8660826053","INN","SUMMIT HOTEL PROPERTIES INC","Financial Institutions",17.35,17.93,3.343,0.97729,0.057,0.0565,-0.00055,-76946.0,"FLAT"
"2026-03-31","2026-04-16","US16934Q8693","CIM","CHIMERA INVESTMENT CORP","Financial Institutions",24.46,25.3,3.434,0.97816,0.0624,0.0618,-0.00055,-77140.0,"FLAT"
"2026-03-31","2026-04-16","US64828T3005","RITM","NEW RESIDENTIAL INVESTMENT CORP","Financial Institutions",24.76,25.58,3.312,0.977,0.0557,0.0551,-0.00056,-77779.0,"FLAT"
"2026-03-31","2026-04-16","US74460W6856","PSA","PUBLIC STORAGE DS REPRESENTING  TH","Financial Institutions",19.61,20.36,3.825,0.98185,0.1128,0.1122,-0.00058,-80505.0,"FLAT"
"2026-03-31","2026-04-16","US74460W5379","PSA","PUBLIC STORAGE","Financial Institutions",15.65,16.2,3.514,0.97891,0.0739,0.0733,-0.0006,-83501.0,"FLAT"
"2026-03-31","2026-04-16","US64828T8053","RITM","RITHM CAPITAL CORP","Financial Institutions",24.0,24.88,3.667,0.98035,0.0937,0.093,-0.00063,-87378.0,"FLAT"
"2026-03-31","2026-04-16","US9197944047","VLY","VALLEY NATIONAL BANCORP","Financial Institutions",25.3,26.19,3.518,0.97895,0.078,0.0773,-0.00063,-87454.0,"FLAT"
"2026-03-31","2026-04-16","US7580758578","RWT","REDWOOD TRUST INC","Financial Institutions",23.42,24.12,2.989,0.97395,0.0481,0.0475,-0.00063,-87535.0,"FLAT"
"2026-03-31","2026-04-16","US1258968379","CMS","CMS ENERGY CORPORATION","Utility",16.75,17.34,3.522,0.97899,0.0791,0.0785,-0.00063,-88095.0,"FLAT"
"2026-03-31","2026-04-16","US5835432023","SLNH","SOLUNA HOLDINGS INC","Industrial",7.75,7.85,1.29,0.95788,0.0217,0.0211,-0.00064,-88641.0,"FLAT"
"2026-03-31","2026-04-16","US46817M2061","JXN","JACKSON FINANCIAL INC","Financial Institutions",24.95,25.98,4.128,0.98472,0.2823,0.2816,-0.00064,-88874.0,"FLAT"
"2026-03-31","2026-04-16","US3205174028","FHN","FIRST HORIZON NATIONAL CORP","Financial Institutions",23.74,24.56,3.454,0.97834,0.0732,0.0725,-0.00064,-89186.0,"FLAT"
"2026-03-31","2026-04-16","US3765493099","LAND","GLADSTONE LAND CORP","Financial Institutions",20.0,20.65,3.25,0.97641,0.0601,0.0594,-0.00064,-89454.0,"FLAT"
"2026-03-31","2026-04-16","US25432X2018","DCOM","DIME COMMUNITY BANCSHARES CUMULATI","Financial Institutions",18.24,18.8,3.07,0.97471,0.0516,0.051,-0.00064,-89557.0,"FLAT"
"2026-03-31","2026-04-16","US0605058157","BAC","BANK OF AMERICA CORP PREF STOCK","Financial Institutions",18.59,19.24,3.497,0.97875,0.0784,0.0777,-0.00065,-90416.0,"FLAT"
"2026-03-31","2026-04-16","US4461507570","HBAN","HUNTINGTON BANCSHARES DEPOSITARY S","Financial Institutions",20.47,21.14,3.273,0.97663,0.064,0.0633,-0.00067,-93648.0,"FLAT"
"2026-03-31","2026-04-16","US74460W5114","PSA","PUBLIC STORAGE DEP SHS REPSTG   PF","Financial Institutions",14.7,15.22,3.537,0.97913,0.0853,0.0846,-0.00068,-94234.0,"FLAT"
"2026-03-31","2026-04-16","US0082528508","AMG","AFFILIATED MANAGERS GROUP INC.","Financial Institutions",19.6,20.34,3.776,0.98138,0.1208,0.1201,-0.00068,-95045.0,"FLAT"
"2026-03-31","2026-04-16","US9116848840","AD","UNITED STATES CELLULAR CORPORATION","Industrial",17.62,18.06,2.497,0.9693,0.0394,0.0387,-0.0007,-97649.0,"FLAT"
"2026-03-31","2026-04-16","US61762V8046","MS","MORGAN STANLEY","Financial Institutions",19.76,20.55,3.998,0.98349,0.2029,0.2022,-0.00071,-99304.0,"FLAT"
"2026-03-31","2026-04-16","US9290892093","VOYA","VOYA FINANCIAL INC","Financial Institutions",22.95,23.83,3.834,0.98194,0.1414,0.1407,-0.00072,-99492.0,"FLAT"
"2026-03-31","2026-04-16","US02665T8760","AMH","AMERICAN HOMES 4 RENT","Financial Institutions",22.32,22.96,2.867,0.9728,0.0527,0.052,-0.00076,-105749.0,"FLAT"
"2026-03-31","2026-04-16","US8425874042","SO","SOUTHERN COMPANY (THE)","Utility",20.76,21.58,3.95,0.98303,0.1919,0.1911,-0.00076,-105766.0,"FLAT"
"2026-03-31","2026-04-16","US35243J2006","FBRT","FRANKLIN BSP REALTY TRUST   CUMULA","Financial Institutions",19.25,19.94,3.584,0.97958,0.1021,0.1013,-0.00077,-106621.0,"FLAT"
"2026-03-31","2026-04-16","US8163005031","SIGI","SELECTIVE INS GROUP DS REPSTG   IN","Financial Institutions",15.82,16.31,3.097,0.97497,0.065,0.0642,-0.00078,-109082.0,"FLAT"
"2026-03-31","2026-04-16","US3453708113","F","FORD MOTOR COMPANY","Industrial",21.0,21.85,4.048,0.98396,0.2588,0.258,-0.00078,-109130.0,"FLAT"
"2026-03-31","2026-04-16","US6496048736","ADAM","NEW YORK MORTGAGE TRUST INC","Financial Institutions",24.46,25.3,3.434,0.97816,0.0937,0.0928,-0.00083,-115742.0,"FLAT"
"2026-03-31","2026-04-16","US3453708378","F","FORD MOTOR COMPANY","Industrial",19.33,20.12,4.087,0.98433,0.3177,0.3168,-0.00085,-117975.0,"FLAT"
"2026-03-31","2026-04-16","US73317H2067","BPOP","POPULAR CAPITAL TRUST II","Financial Institutions",24.77,25.42,2.624,0.9705,0.0514,0.0505,-0.00085,-118844.0,"FLAT"
"2026-03-31","2026-04-16","US0423156068","ARR","ARMOUR RESIDENTIAL REIT INC","Financial Institutions",20.24,20.86,3.063,0.97465,0.0713,0.0705,-0.00089,-123726.0,"FLAT"
"2026-03-31","2026-04-16","US0389238686","ABR","ARBOR REALTY TRUST INC","Financial Institutions",16.37,16.77,2.443,0.96879,0.0484,0.0475,-0.0009,-124510.0,"FLAT"
"2026-03-31","2026-04-16","US05580M7939","RILY","B. RILEY FINANCIAL INC","Financial Institutions",22.66,23.4,3.266,0.97656,0.0901,0.0892,-0.00094,-131370.0,"FLAT"
"2026-03-31","2026-04-16","US74460W5783","PSA","PUBLIC STORAGE","Financial Institutions",18.16,18.74,3.194,0.97588,0.0858,0.0848,-0.00097,-134315.0,"FLAT"
"2026-03-31","2026-04-16","US0259328641","AFG","AMERICAN FINANCIAL GROUP INC","Financial Institutions",16.2,16.66,2.84,0.97253,0.0666,0.0656,-0.00098,-135878.0,"FLAT"
"2026-03-31","2026-04-16","US70931T8062","PMT","PENNYMAC MORTGAGE INVESTMENT TRUST","Financial Institutions",24.86,25.46,2.414,0.9685,0.0536,0.0526,-0.001,-139654.0,"FLAT"
"2026-03-31","2026-04-16","US6740013007","OAK","OAKTREE CAPITAL GROUP LLC","Financial Institutions",20.22,20.82,2.967,0.97374,0.0748,0.0738,-0.001,-139735.0,"FLAT"
"2026-03-31","2026-04-16","CA67000B2030","NOVT","NOVANTA TANGIBLE EQUITY UNITS INC","Industrial",53.64,55.82,4.064,0.98411,0.3485,0.3475,-0.00101,-139838.0,"FLAT"
"2026-03-31","2026-04-16","US9478907036","WBS","WEBSTER FINANCIAL CORPORATION","Financial Institutions",23.3,23.93,2.704,0.97125,0.0646,0.0636,-0.00103,-143171.0,"FLAT"
"2026-03-31","2026-04-16","US0259328070","AFG","AMERICAN FINANCIAL GROUP INC","Financial Institutions",20.58,21.04,2.235,0.96682,0.0528,0.0518,-0.00107,-149487.0,"FLAT"
"2026-03-31","2026-04-16","US87165B4005","SYF","SYNCHRONY FINANCIAL","Financial Institutions",25.18,26.17,3.932,0.98286,0.2586,0.2575,-0.00108,-149739.0,"FLAT"
"2026-03-31","2026-04-16","US9029738666","USB","US BANCORP","Financial Institutions",750.0,778.9,3.853,0.98212,0.2211,0.22,-0.00108,-150326.0,"FLAT"
"2026-03-31","2026-04-16","BMG162582313","BEPUCN","BROOKFIELD RENEWABLE PARTNERS LP","Utility",17.32,17.8,2.771,0.97189,0.0711,0.07,-0.00108,-150494.0,"FLAT"
"2026-03-31","2026-04-16","US22948Q2003","CTO","CTO REALTY GROWTH INC","Financial Institutions",20.22,20.65,2.127,0.96579,0.0509,0.0498,-0.00109,-151571.0,"FLAT"
"2026-03-31","2026-04-16","US0844237067","WRB","WR BERKLEY CORPORATION","Financial Institutions",21.11,21.73,2.937,0.97345,0.0802,0.0791,-0.0011,-153142.0,"FLAT"
"2026-03-31","2026-04-16","US74460W6286","PSA","PUBLIC STORAGE REPSTG  TH BEN INT","Financial Institutions",18.61,19.24,3.385,0.97769,0.1209,0.1198,-0.00114,-158013.0,"FLAT"
"2026-03-31","2026-04-16","US2538688308","DLR","DIGITAL REALTY TRUST INC","Financial Institutions",22.01,22.69,3.09,0.9749,0.0949,0.0938,-0.00116,-161001.0,"FLAT"
"2026-03-31","2026-04-16","US0844238883","WRB","WR BERKLEY CORPORATION","Financial Institutions",16.11,16.57,2.855,0.97268,0.0827,0.0815,-0.0012,-166426.0,"FLAT"
"2026-03-31","2026-04-16","US74460W4877","PSA","PUBLIC STORAGE","Financial Institutions",15.03,15.34,2.063,0.96518,0.0546,0.0534,-0.00121,-168080.0,"FLAT"
"2026-03-31","2026-04-16","US6943082064","PCG","PACIFIC GAS & ELEC CO","Utility",22.3,22.71,1.839,0.96307,0.0502,0.049,-0.00121,-168563.0,"FLAT"
"2026-03-31","2026-04-16","US0454872047","ASB","ASSOCIATED BANC DEPOSITARY SHARES","Financial Institutions",20.76,21.07,1.493,0.9598,0.0444,0.0431,-0.00122,-169274.0,"FLAT"
"2026-03-31","2026-04-16","US87264A3032","TMUS","T-MOBILE USA INC","Industrial",21.3,22.07,3.615,0.97987,0.1727,0.1715,-0.00124,-172067.0,"FLAT"
"2026-03-31","2026-04-16","US8660827044","INN","SUMMIT HOTEL PROPERTIES INC","Financial Institutions",17.29,17.44,0.868,0.95388,0.0369,0.0357,-0.00124,-172163.0,"FLAT"
"2026-03-31","2026-04-16","US90187B8871","TWO","TWO HARBORS INVESTMENT CORP","Financial Institutions",25.14,25.68,2.148,0.96599,0.0594,0.0581,-0.00126,-174820.0,"FLAT"
"2026-03-31","2026-04-16","US6740014096","OAK","OAKTREE CAPITAL GROUP LLC","Financial Institutions",20.25,20.86,3.012,0.97417,0.0978,0.0965,-0.00126,-175752.0,"FLAT"
"2026-03-31","2026-04-16","BMG162522756","BIP","BROOKFIELD INFRASTRUCTURE PARTNERS","Utility",15.88,16.25,2.33,0.96771,0.0652,0.064,-0.00127,-176700.0,"FLAT"
"2026-03-31","2026-04-16","US0084922097","ADC","AGREE REALTY CORP","Financial Institutions",16.8,17.16,2.143,0.96594,0.0604,0.0591,-0.00128,-178365.0,"FLAT"
"2026-03-31","2026-04-16","US91529Y6014","UNM","UNUM GROUP","Financial Institutions",22.88,23.66,3.409,0.97792,0.141,0.1397,-0.00129,-179300.0,"FLAT"
"2026-03-31","2026-04-16","US3453708451","F","FORD MOTOR COMPANY","Industrial",19.87,20.65,3.926,0.9828,0.3061,0.3048,-0.00129,-179500.0,"FLAT"
"2026-03-31","2026-04-16","US5290433094","LXP","LXP INDUSTRIAL TRUST","Financial Institutions",46.0,46.69,1.5,0.95987,0.0475,0.0462,-0.0013,-181162.0,"FLAT"
"2026-03-31","2026-04-16","US1258968528","CMS","CMS ENERGY CORPORATION","Utility",21.9,22.62,3.288,0.97677,0.126,0.1247,-0.0013,-181244.0,"FLAT"
"2026-03-31","2026-04-16","US0082528359","AMG","AFFILIATED MANAGERS GROUP INC.","Financial Institutions",14.62,14.94,2.189,0.96638,0.0625,0.0612,-0.0013,-181494.0,"FLAT"
"2026-03-31","2026-04-16","US3131488682","FAMCA","FEDERAL AGRICULTURAL MORTGAGE CORP","Agency",20.53,20.75,1.072,0.95581,0.0422,0.0408,-0.00133,-185257.0,"FLAT"
"2026-03-31","2026-04-16","MHY271831213","GSL","GLOBAL SHIP LEASE INC","Industrial",26.5,27.02,1.962,0.96424,0.0593,0.058,-0.00137,-190406.0,"FLAT"
"2026-03-31","2026-04-16","US3131488435","FAMCA","FEDERAL AGRICULTURAL MORTGAGE CORP","Agency",18.98,19.22,1.264,0.95764,0.0468,0.0454,-0.00139,-193233.0,"FLAT"
"2026-03-31","2026-04-16","US55272X7066","MFA","MFA FINANCIAL INC","Financial Institutions",24.95,25.45,2.004,0.96463,0.0616,0.0603,-0.00139,-193244.0,"FLAT"
"2026-03-31","2026-04-16","US68003D3035","ONB","OLD NATIONAL BANCORP DEP SHS EACH","Financial Institutions",24.53,25.02,1.998,0.96457,0.0617,0.0603,-0.0014,-194026.0,"FLAT"
"2026-03-31","2026-04-16","US20786W5031","CNOB","CONNECTONE BANCORP INC","Financial Institutions",24.3,24.74,1.811,0.9628,0.0574,0.056,-0.0014,-194921.0,"FLAT"
"2026-03-31","2026-04-16","US68003D2045","ONB","OLD NATIONAL BANCORP","Financial Institutions",24.6,25.01,1.667,0.96144,0.0546,0.0532,-0.00141,-195682.0,"FLAT"
"2026-03-31","2026-04-16","US04208T2078","AHH","ARMADA HOFFLER PROPERTIES INC","Financial Institutions",21.76,22.29,2.436,0.96871,0.0765,0.0751,-0.00141,-196736.0,"FLAT"
"2026-03-31","2026-04-16","US9197943056","VLY","VALLEY NATL NON CUM PERP PREF SERI","Financial Institutions",24.45,24.82,1.513,0.95999,0.0522,0.0508,-0.00143,-198492.0,"FLAT"
"2026-03-31","2026-04-16","US0844238701","WRB","WR BERKLEY CORPORATION","Financial Institutions",15.52,15.95,2.771,0.97188,0.0956,0.0942,-0.00146,-202533.0,"FLAT"
"2026-03-31","2026-04-16","US2333317921","DTE","DTE ENERGY COMPANY","Utility",23.79,24.7,3.825,0.98185,0.2932,0.2917,-0.00152,-211128.0,"FLAT"
"2026-03-31","2026-04-16","US6496048165","ADAM","NEW YORK MORTGAGE TRUST INC","Financial Institutions",24.85,25.26,1.65,0.96128,0.0587,0.0572,-0.00153,-212910.0,"FLAT"
"2026-03-31","2026-04-16","US9116847024","AD","UNITED STATES CELLULAR CORPORATION","Industrial",20.08,20.24,0.797,0.95322,0.0454,0.0439,-0.00155,-215600.0,"FLAT"
"2026-03-31","2026-04-16","US9388243076","WAFD","WASHINGTON FEDERAL INC","Financial Institutions",16.12,16.56,2.73,0.97149,0.0995,0.0979,-0.00155,-216108.0,"FLAT"
"2026-03-31","2026-04-16","US80349A8514","SAR","SARATOGA INVESTMENT CORP","Financial Institutions",24.95,25.25,1.202,0.95705,0.0513,0.0497,-0.00156,-216355.0,"FLAT"
"2026-03-31","2026-04-16","US53803X4025","LOB","LIVE OAK BANCSHARES INC","Financial Institutions",25.0,25.33,1.32,0.95816,0.0534,0.0519,-0.00156,-217364.0,"FLAT"
"2026-03-31","2026-04-16","US2298993070","CFR","CULLEN FROST BANKERS DRC INC","Financial Institutions",16.97,17.18,1.237,0.95738,0.0523,0.0507,-0.00156,-217466.0,"FLAT"
"2026-03-31","2026-04-16","US7588498714","REG","REGENCY CENTERS   SERIES B CUMULAT","Financial Institutions",22.01,22.3,1.318,0.95814,0.0541,0.0525,-0.00158,-219627.0,"FLAT"
"2026-03-31","2026-04-16","US78163D4079","RWAY","RUNWAY GROWTH FINANCE","Financial Institutions",25.0,25.28,1.12,0.95627,0.0514,0.0498,-0.0016,-222048.0,"FLAT"
"2026-03-31","2026-04-16","US11259P1093","BEPUCN","BROOKFIELD BRP HOLDINGS (CANADA) I","Utility",14.51,14.91,2.757,0.97175,0.1043,0.1027,-0.00161,-223548.0,"FLAT"
"2026-03-31","2026-04-16","US8606307069","SF","STIFEL FINANCIAL CORP","Financial Institutions",23.4,23.91,2.179,0.96629,0.0769,0.0753,-0.00161,-223985.0,"FLAT"
"2026-03-31","2026-04-16","US9029736686","USB","US BANCORP","Financial Institutions",17.35,17.92,3.285,0.97675,0.1604,0.1587,-0.00166,-230593.0,"FLAT"
"2026-03-31","2026-04-16","US8964426055","TRIN","TRINITY CAPITAL INC","Financial Institutions",24.91,25.27,1.445,0.95935,0.0597,0.058,-0.00167,-232190.0,"FLAT"
"2026-03-31","2026-04-16","US3131488351","FAMCA","FEDERAL AGRICULTURAL MORTGAGE   NO","Agency",17.67,17.76,0.509,0.9505,0.0454,0.0437,-0.00167,-232912.0,"FLAT"
"2026-03-31","2026-04-16","US4461507737","HBAN","HUNTINGTON BANCSHARES INC","Financial Institutions",24.61,25.42,3.291,0.97681,0.1643,0.1626,-0.00169,-235537.0,"FLAT"
"2026-03-31","2026-04-16","US29364P1030","ETR","ENTERGY NEW ORLEANS INC","Utility",21.89,22.09,0.914,0.95432,0.0514,0.0497,-0.0017,-236088.0,"FLAT"
"2026-03-31","2026-04-16","US6658598569","NTRS","NORTHERN TRUST CORPORATION","Financial Institutions",18.7,19.3,3.209,0.97602,0.1537,0.152,-0.00171,-237180.0,"FLAT"
"2026-03-31","2026-04-16","US3793784097","GNL","GLOBAL NET LEASE INC","Financial Institutions",21.34,21.56,1.031,0.95543,0.0535,0.0518,-0.00171,-238082.0,"FLAT"
"2026-03-31","2026-04-16","US1258968601","CMS","CMS ENERGY CORPORATION","Utility",21.32,21.81,2.298,0.96741,0.0876,0.0859,-0.00173,-240753.0,"FLAT"
"2026-03-31","2026-04-16","US2635343070","CTVA","E I DU PONT DE NEMOURS AND CO","Industrial",67.27,68.1,1.234,0.95735,0.0578,0.0561,-0.00173,-241262.0,"FLAT"
"2026-03-31","2026-04-16","US0844238057","WRB","WR BERKLEY CORPORATION","Financial Institutions",18.89,19.42,2.806,0.97221,0.1164,0.1147,-0.00174,-241457.0,"FLAT"
"2026-03-31","2026-04-16","US7591EP8869","RF","REGIONS FINL DRC CORP","Financial Institutions",16.3,16.79,3.006,0.97411,0.1339,0.1322,-0.00175,-243017.0,"FLAT"
"2026-03-31","2026-04-16","US3167738604","FITB","FIFTH THIRD BANCORP","Financial Institutions",18.91,19.38,2.485,0.96918,0.0971,0.0954,-0.00175,-243374.0,"FLAT"
"2026-03-31","2026-04-16","BMG162491564","BPY","BROOKFIELD PROPERTY PARTNERS LP","Industrial",14.86,15.15,1.952,0.96414,0.0763,0.0745,-0.00176,-245290.0,"FLAT"
"2026-03-31","2026-04-16","US12621E3018","CNO","CNO FINANCIAL GROUP INC","Financial Institutions",17.97,18.15,1.002,0.95515,0.0554,0.0536,-0.00178,-247576.0,"FLAT"
"2026-03-31","2026-04-16","US7443208050","PRU","PRUDENTIAL FINANCIAL INC","Financial Institutions",22.52,23.34,3.641,0.98011,0.2617,0.2599,-0.00181,-251580.0,"FLAT"
"2026-03-31","2026-04-16","US26441C4024","DUK","DUKE ENERGY CORP","Utility",23.23,24.06,3.573,0.97947,0.2386,0.2368,-0.00181,-251941.0,"FLAT"
"2026-03-31","2026-04-16","US48251K2096","KREF","KKR REAL ESTATE FINANCE TRUST INC","Financial Institutions",17.28,17.75,2.72,0.9714,0.1163,0.1145,-0.00183,-254339.0,"FLAT"
"2026-03-31","2026-04-16","US80349A8027","SAR","SARATOGA INVESTMENT CORP","Financial Institutions",24.66,24.84,0.73,0.95258,0.0534,0.0516,-0.00186,-258962.0,"FLAT"
"2026-03-31","2026-04-16","MHY8564M1131","TGP","TEEKAY LNG PARTNERS LP","Industrial",25.2,25.52,1.27,0.95769,0.0638,0.0619,-0.00189,-262728.0,"FLAT"
"2026-03-31","2026-04-16","US16208T2015","CLDT","CHATHAM LODGING TRUST","Financial Institutions",20.0,20.1,0.5,0.95041,0.0513,0.0494,-0.0019,-264079.0,"FLAT"
"2026-03-31","2026-04-16","US9197942066","VLY","VALLEY NATIONAL BANCORP","Financial Institutions",24.85,25.11,1.046,0.95557,0.0611,0.0591,-0.00194,-270360.0,"FLAT"
"2026-03-31","2026-04-16","US0389238504","ABR","ARBOR REALTY TRUST INC","Financial Institutions",21.79,22.39,2.754,0.97172,0.1271,0.1251,-0.00196,-272384.0,"FLAT"
"2026-03-31","2026-04-16","US8964427046","TRIN","TRINITY CAPITAL INC","Financial Institutions",24.95,25.2,1.002,0.95516,0.0611,0.0591,-0.00196,-273224.0,"FLAT"
"2026-03-31","2026-04-16","US29364N1081","ETR","ENTERGY MISSISSIPPI INC","Utility",20.35,20.85,2.457,0.96892,0.1087,0.1067,-0.00199,-276371.0,"FLAT"
"2026-03-31","2026-04-16","US6496048652","ADAM","NEW YORK MORTGAGE TRUST INC","Financial Institutions",23.48,23.8,1.363,0.95857,0.07,0.068,-0.00201,-279692.0,"BUY"
"2026-03-31","2026-04-16","US74460W3960","PSA","PUBLIC STORAGE DEPOSITARY SHS EACH","Financial Institutions",15.79,16.07,1.773,0.96245,0.0811,0.0791,-0.00202,-280506.0,"BUY"
"2026-03-31","2026-04-16","US1258968452","CMS","CMS ENERGY CORPORATION","Utility",22.1,22.9,3.62,0.97991,0.286,0.284,-0.00204,-283070.0,"BUY"
"2026-03-31","2026-04-16","US1170436042","BC","BRUNSWICK CORPORATION","Industrial",23.52,24.06,2.296,0.96739,0.1039,0.1018,-0.00206,-286722.0,"BUY"
"2026-03-31","2026-04-16","US4932678687","KEY","KEYCORP","Financial Institutions",20.96,21.64,3.244,0.97636,0.1938,0.1917,-0.00208,-289125.0,"BUY"
"2026-03-31","2026-04-16","US4461507810","HBAN","HUNTINGTON BANCSHARES INC","Financial Institutions",21.6,21.94,1.574,0.96057,0.0776,0.0756,-0.00208,-289164.0,"BUY"
"2026-03-31","2026-04-16","US3765468836","GAIN","GLADSTONE INVESTMENT CORP","Financial Institutions",23.75,24.0,1.053,0.95563,0.0656,0.0636,-0.00208,-289641.0,"BUY"
"2026-03-31","2026-04-16","KYG3730V1398","FTAI","FTAI AVIATION   FIXED RATE RESET C","Industrial",25.18,25.27,0.357,0.94906,0.0543,0.0522,-0.00209,-290707.0,"BUY"
"2026-03-31","2026-04-16","US0389238769","ABR","ARBOR REALTY TRUST INC","Financial Institutions",16.64,16.9,1.562,0.96046,0.0787,0.0766,-0.00211,-293963.0,"BUY"
"2026-03-31","2026-04-16","US02665T8687","AMH","AMERICAN HOMES 4 RENT","Financial Institutions",23.65,23.72,0.296,0.94848,0.0559,0.0537,-0.00218,-303155.0,"BUY"
"2026-03-31","2026-04-16","US87264A2042","TMUS","T-MOBILE USA INC","Industrial",21.25,21.9,3.059,0.97461,0.1749,0.1728,-0.00219,-304014.0,"BUY"
"2026-03-31","2026-04-16","US2256552082","FCRX","CRESCENT CAPITAL BDC   NOTES DUE I","Financial Institutions",24.92,25.0,0.321,0.94872,0.0571,0.0549,-0.00221,-307323.0,"BUY"
"2026-03-31","2026-04-16","US74460W6443","PSA","PUBLIC STORAGE","Financial Institutions",21.82,22.37,2.521,0.96952,0.1277,0.1255,-0.00226,-314219.0,"BUY"
"2026-03-31","2026-04-16","BMG9078F1317","TRTN","TRITON INTERNATIONAL LTD","Industrial",24.9,25.18,1.124,0.95631,0.0735,0.0712,-0.00228,-317112.0,"BUY"
"2026-03-31","2026-04-16","US6475513080","NMFC","NEW MOUNTAIN FINANCE CORP","Financial Institutions",25.37,25.47,0.394,0.94941,0.0599,0.0576,-0.00228,-317441.0,"BUY"
"2026-03-31","2026-04-16","US31959X2027","FCNCA","FIRST CITIZENS BANCSHARES   NON CU","Financial Institutions",21.2,21.54,1.604,0.96085,0.0871,0.0848,-0.00231,-320710.0,"BUY"
"2026-03-31","2026-04-16","US26884U5056","EPR","EPR PROPERTIES","Financial Institutions",20.23,20.36,0.643,0.95176,0.0649,0.0625,-0.00231,-321692.0,"BUY"
"2026-03-31","2026-04-16","US29364W1080","ETR","ENTERGY LOUISIANA LLC","Utility",20.15,20.59,2.184,0.96633,0.1118,0.1094,-0.00234,-325375.0,"BUY"
"2026-03-31","2026-04-16","US2538688225","DLR","DIGITAL REALTY TRUST INC","Financial Institutions",19.4,19.9,2.577,0.97005,0.1375,0.1351,-0.00235,-326994.0,"BUY"
"2026-03-31","2026-04-16","US78440X5077","SLG","SL GREEN REALTY CORP","Financial Institutions",20.3,20.66,1.773,0.96245,0.0959,0.0935,-0.00238,-331551.0,"BUY"
"2026-03-31","2026-04-16","US70931T7072","PMT","PENNYMAC MORTGAGE INVESTMENT TRUST","Financial Institutions",25.14,25.51,1.472,0.9596,0.0891,0.0866,-0.00247,-343443.0,"BUY"
"2026-03-31","2026-04-16","US00489Q3002","ACR","ACRES COMMERCIAL REALTY CORP","Financial Institutions",21.65,21.48,-0.785,0.93825,0.0501,0.0476,-0.00247,-343624.0,"BUY"
"2026-03-31","2026-04-16","US8606306079","SF","STIFEL FINANCIAL CORP","Financial Institutions",19.5,19.79,1.487,0.95974,0.0901,0.0876,-0.00248,-345445.0,"BUY"
"2026-03-31","2026-04-16","US17259U3032","CIONI","CION INVESTMENT CORP","Financial Institutions",24.78,25.09,1.251,0.95751,0.0834,0.0809,-0.00249,-346344.0,"BUY"
"2026-03-31","2026-04-16","US9633202059","WHR","WHIRLPOOL CORPORATION","Industrial",40.95,42.25,3.175,0.9757,0.2213,0.2188,-0.00252,-351017.0,"BUY"
"2026-03-31","2026-04-16","US9478905055","WBS","WEBSTER FINANCIAL DRC CORP","Financial Institutions",20.68,20.72,0.193,0.94751,0.0637,0.0612,-0.00255,-354365.0,"BUY"
"2026-03-31","2026-04-16","US3193836000","BUSE","FIRST BUSEY CORPORATION","Financial Institutions",25.29,25.79,1.977,0.96438,0.1117,0.1091,-0.00255,-354767.0,"BUY"
"2026-03-31","2026-04-16","US3131488278","FAMCA","FEDERAL AGRIC MTG NON CUMULATIVE P","Agency",24.39,24.2,-0.779,0.93831,0.0521,0.0496,-0.00257,-356975.0,"BUY"
"2026-03-31","2026-04-16","US04686J4085","ATH","ATHENE HOLDING DS REPRESENTING A","Financial Institutions",16.22,16.7,2.959,0.97367,0.1916,0.189,-0.00258,-358150.0,"BUY"
"2026-03-31","2026-04-16","US90187B2007","TWO","TWO HARBORS INVESTMENT CORP","Financial Institutions",24.77,24.81,0.161,0.94721,0.0642,0.0617,-0.00259,-359844.0,"BUY"
"2026-03-31","2026-04-16","US25401T5048","DBRG","DIGITALBRIDGE GROUP .125 CUMULATIV","Financial Institutions",16.22,16.3,0.493,0.95034,0.0699,0.0673,-0.0026,-361362.0,"BUY"
"2026-03-31","2026-04-16","US78442P5026","SLM","SLM CORP","Financial Institutions",73.35,74.45,1.5,0.95986,0.0947,0.0921,-0.0026,-361444.0,"BUY"
"2026-03-31","2026-04-16","US3137452005","FRT","FEDERAL REALTY INVESTMENT DEPOSITA","Financial Institutions",19.29,19.25,-0.207,0.94372,0.0594,0.0568,-0.00261,-362697.0,"BUY"
"2026-03-31","2026-04-16","US05580M8010","RILY","B. RILEY FINANCIAL INC","Financial Institutions",23.96,24.27,1.294,0.95792,0.0888,0.0862,-0.00261,-363681.0,"BUY"
"2026-03-31","2026-04-16","US04911A2069","AUB","ATLANTIC UNION BANKSHARES CORP","Financial Institutions",24.34,24.63,1.191,0.95695,0.0862,0.0836,-0.00262,-363990.0,"BUY"
"2026-03-31","2026-04-16","US3765468596","GAIN","GLADSTONE INVESTMENT CORP","Financial Institutions",25.33,25.16,-0.671,0.93933,0.0543,0.0517,-0.00262,-364618.0,"BUY"
"2026-03-31","2026-04-16","US49446R7373","KIM","KIMCO REALTY CORPORATION","Financial Institutions",19.37,19.6,1.187,0.95691,0.0886,0.0859,-0.00269,-374367.0,"BUY"
"2026-03-31","2026-04-16","US0605056250","BAC","BANK OF AMERICA CORP","Financial Institutions",19.27,19.42,0.778,0.95304,0.0785,0.0758,-0.0027,-375384.0,"BUY"
"2026-03-31","2026-04-16","US0357108218","NLY","ANNALY CAPITAL MANAGEMENT INC","Financial Institutions",25.32,25.92,2.37,0.96809,0.143,0.1403,-0.00273,-380011.0,"BUY"
"2026-03-31","2026-04-16","US63938C4050","NAVI","NAVIENT  PRCNT SENIOR NOTES EXP  D","Financial Institutions",18.01,18.33,1.777,0.96248,0.111,0.1082,-0.00275,-382811.0,"BUY"
"2026-03-31","2026-04-16","US26817Q8785","DX","DYNEX CAPITAL INC","Financial Institutions",25.68,25.54,-0.545,0.94052,0.0588,0.0561,-0.00277,-384683.0,"BUY"
"2026-03-31","2026-04-16","US06055H8714","BAC","BANK OF AMERICA CORP","Financial Institutions",19.03,19.56,2.785,0.97202,0.1877,0.1849,-0.00284,-394553.0,"BUY"
"2026-03-31","2026-04-16","US5303075031","LBRDA","LIBERTY BROADBAND CUM REDEEMABLE P","Industrial",23.3,23.51,0.901,0.9542,0.0859,0.0831,-0.00285,-396012.0,"BUY"
"2026-03-31","2026-04-16","US9029737346","USB","US BANCORP","Financial Institutions",14.77,15.12,2.37,0.96809,0.1517,0.1488,-0.0029,-403538.0,"BUY"
"2026-03-31","2026-04-16","US14040H7825","COF","CAPITAL ONE FINANCIAL CORPORATION","Financial Institutions",17.83,18.49,3.702,0.98069,0.4578,0.4549,-0.00291,-404187.0,"BUY"
"2026-03-31","2026-04-16","US00489Q2012","ACR","ACRES COMMERCIAL REALTY .625 FIXED","Financial Institutions",25.05,24.89,-0.639,0.93964,0.0617,0.0587,-0.00296,-411481.0,"BUY"
"2026-03-31","2026-04-16","US12542R7044","CHSINC","CHS RESET RATE CUMULATIVE REDEEMAB","Industrial",24.21,24.96,3.098,0.97498,0.245,0.242,-0.00297,-412971.0,"BUY"
"2026-03-31","2026-04-16","US58844R8503","MBIN","MERCHANTS BANCORP","Financial Institutions",23.83,24.21,1.595,0.96076,0.1126,0.1096,-0.00298,-414945.0,"BUY"
"2026-03-31","2026-04-16","US9576384062","WAL","WESTERN ALLIANCE BANCORP","Financial Institutions",22.92,23.41,2.138,0.9659,0.1412,0.1382,-0.00302,-419378.0,"BUY"
"2026-03-31","2026-04-16","MHY8564M2048","TGP","TEEKAY LNG PARTNERS LP","Industrial",25.3,25.47,0.672,0.95203,0.0857,0.0827,-0.00304,-422222.0,"BUY"
"2026-03-31","2026-04-16","US7443208704","PRU","PRUDENTIAL FINANCIAL INC","Financial Institutions",23.41,23.91,2.136,0.96588,0.1445,0.1414,-0.00308,-428989.0,"BUY"
"2026-03-31","2026-04-16","US2538688555","DLR","DIGITAL REALTY TRUST INC","Financial Institutions",20.26,20.36,0.494,0.95035,0.0832,0.0801,-0.00309,-429908.0,"BUY"
"2026-03-31","2026-04-16","US9508108878","WSBC","WESBANCO INC","Financial Institutions",25.05,25.46,1.637,0.96116,0.1183,0.1153,-0.00309,-430434.0,"BUY"
"2026-03-31","2026-04-16","US04621X3061","AIZ","ASSURANT INC","Financial Institutions",19.9,20.13,1.156,0.95661,0.1022,0.0991,-0.00314,-436633.0,"BUY"
"2026-03-31","2026-04-16","US04914Y3009","ATLC","ATLANTICUS HOLDINGS CORP","Financial Institutions",24.99,24.99,0.0,0.94568,0.0761,0.0729,-0.00319,-442974.0,"BUY"
"2026-03-31","2026-04-16","US6378702053","NSA","NATIONAL STORAGE AFFILIATES REDEEM","Financial Institutions",22.67,22.94,1.191,0.95694,0.1052,0.102,-0.0032,-445422.0,"BUY"
"2026-03-31","2026-04-16","US3765468679","GAIN","GLADSTONE INVESTMENT CORP","Financial Institutions",25.34,25.14,-0.789,0.93822,0.0659,0.0626,-0.00326,-452814.0,"BUY"
"2026-03-31","2026-04-16","US9029737593","USB","US BANCORP","Financial Institutions",21.49,22.14,3.025,0.97428,0.2538,0.2506,-0.00326,-452974.0,"BUY"
"2026-03-31","2026-04-16","US87264A1051","TMUS","T-MOBILE USA INC","Industrial",24.18,24.81,2.605,0.97032,0.1954,0.1921,-0.00329,-457779.0,"BUY"
"2026-03-31","2026-04-16","US38143Y6656","GS","GOLDMAN SACHS GROUP INC","Financial Institutions",19.16,19.77,3.184,0.97579,0.2952,0.2918,-0.00334,-464642.0,"BUY"
"2026-03-31","2026-04-16","US12542R5063","CHSINC","CHS INC","Industrial",24.59,25.25,2.684,0.97106,0.2122,0.2087,-0.00341,-474433.0,"BUY"
"2026-03-31","2026-04-16","BMG053841620","AHL","ASPEN INSURANCE HOLDINGS LTD","Financial Institutions",20.65,20.67,0.097,0.9466,0.0843,0.0809,-0.00345,-479425.0,"BUY"
"2026-03-31","2026-04-16","US04914Y4098","ATLC","ATLANTICUS HOLDINGS CORP","Financial Institutions",25.16,25.21,0.199,0.94756,0.0864,0.083,-0.00345,-479965.0,"BUY"
"2026-03-31","2026-04-16","US0625403078","BOH","BANK OF HAWAII CORP","Financial Institutions",26.25,26.32,0.267,0.9482,0.0891,0.0856,-0.0035,-487179.0,"BUY"
"2026-03-31","2026-04-16","US64828T7063","RITM","NEW RESIDENTIAL INVESTMENT CORP","Financial Institutions",24.33,25.0,2.754,0.97172,0.2324,0.2288,-0.00358,-498142.0,"BUY"
"2026-03-31","2026-04-16","US0357108473","NLY","ANNALY CAPITAL MANAGEMENT INC","Financial Institutions",24.78,25.45,2.704,0.97125,0.2252,0.2217,-0.00358,-498472.0,"BUY"
"2026-03-31","2026-04-16","US3765468000","GAIN","GLADSTONE INVESTMENT CORP","Financial Institutions",25.2,24.93,-1.071,0.93555,0.0689,0.0653,-0.00359,-499254.0,"BUY"
"2026-03-31","2026-04-16","US0605055831","BAC","BANK OF AMERICA CORPORATION PFD 1","Financial Institutions",19.51,19.68,0.871,0.95392,0.108,0.1044,-0.00362,-502824.0,"BUY"
"2026-03-31","2026-04-16","US8043958797","BFS","SAUL CENTERS INC","Financial Institutions",22.59,21.97,-2.745,0.91973,0.0531,0.0495,-0.00362,-503122.0,"BUY"
"2026-03-31","2026-04-16","US55261F8721","MTB","M AND T BANK PERPETUAL FIXED TO FL","Financial Institutions",24.66,25.0,1.379,0.95872,0.1266,0.123,-0.00363,-504334.0,"BUY"
"2026-03-31","2026-04-16","US1746104025","CFG","CITIZENS FINANCIAL GROUP INC","Financial Institutions",18.62,19.02,2.148,0.966,0.1721,0.1685,-0.00366,-508331.0,"BUY"
"2026-03-31","2026-04-16","US9029731554","USB","US BANCORP","Financial Institutions",18.28,18.89,3.337,0.97724,0.3755,0.3718,-0.00369,-513758.0,"BUY"
"2026-03-31","2026-04-16","US49446R7118","KIM","KIMCO RLTY DS REPRESENTING   CLASS","Financial Institutions",20.0,20.15,0.75,0.95277,0.1075,0.1038,-0.00373,-518233.0,"BUY"
"2026-03-31","2026-04-16","US00123Q8565","AGNC","AGNC INVESTMENT CORP","Financial Institutions",24.54,24.34,-0.815,0.93797,0.0756,0.0719,-0.00376,-522496.0,"BUY"
"2026-03-31","2026-04-16","US7472623013","QVCN","QVC INC","Industrial",10.5,10.1,-3.81,0.90965,0.0485,0.0447,-0.0038,-528727.0,"BUY"
"2026-03-31","2026-04-16","US9027884058","UMBF","UMB FINANCIAL CORPORATION","Financial Institutions",25.51,25.97,1.803,0.96273,0.1572,0.1534,-0.00386,-536670.0,"BUY"
"2026-03-31","2026-04-16","US0357108622","NLY","ANNALY CAPITAL MANAGEMENT INC","Financial Institutions",24.4,25.0,2.459,0.96893,0.213,0.2091,-0.00388,-540195.0,"BUY"
"2026-03-31","2026-04-16","US0454876006","ASB","ASSOCIATED BANC-CORP","Financial Institutions",24.52,24.92,1.631,0.96111,0.1511,0.1472,-0.00396,-550603.0,"BUY"
"2026-03-31","2026-04-16","US12542R2094","CHSINC","CHS INC. (8% CUMULATIVE REDEEMABLE","Industrial",27.25,27.77,1.908,0.96373,0.1717,0.1677,-0.00404,-562395.0,"BUY"
"2026-03-31","2026-04-16","BMG162491499","BPY","BROOKFIELD PROPERTY PARTNERS LP","Industrial",16.46,16.1,-2.187,0.925,0.0647,0.0607,-0.00407,-565519.0,"BUY"
"2026-03-31","2026-04-16","US25406P2002","DDS","DILLARDS CAP TR I CAP SECS 7.5%","Industrial",25.92,25.98,0.231,0.94787,0.1065,0.1023,-0.00422,-586564.0,"BUY"
"2026-03-31","2026-04-16","US8574778556","STT","STATE STREET CORP","Financial Institutions",21.62,22.13,2.359,0.96799,0.222,0.2178,-0.00426,-593158.0,"BUY"
"2026-03-31","2026-04-16","US9029737189","USB","US BANCORP","Financial Institutions",15.6,15.99,2.5,0.96932,0.2403,0.236,-0.00429,-596999.0,"BUY"
"2026-03-31","2026-04-16","US72348N3070","PNFP","PINNACLE FINANCIAL PARTNERS NON CU","Financial Institutions",25.57,26.05,1.877,0.96343,0.1838,0.1795,-0.00438,-609732.0,"BUY"
"2026-03-31","2026-04-16","US8085138654","SCHW","CHARLES SCHWAB CORPORATION (THE)","Financial Institutions",17.68,18.08,2.262,0.96708,0.2179,0.2135,-0.00439,-610021.0,"BUY"
"2026-03-31","2026-04-16","US8805914095","TVA","TENN VALLEY AUTH","Agency",24.25,24.23,-0.082,0.9449,0.1038,0.0994,-0.00442,-615380.0,"BUY"
"2026-03-31","2026-04-16","US72348N2080","PNFP","PINNACLE FINANCIAL PARTNERS NON CU","Financial Institutions",25.71,25.69,-0.078,0.94494,0.1056,0.1011,-0.00449,-624621.0,"BUY"
"2026-03-31","2026-04-16","US7591EP8604","RF","REGIONS FINANCIAL CORPORATION","Financial Institutions",24.9,25.53,2.53,0.96961,0.2557,0.2512,-0.0045,-625150.0,"BUY"
"2026-03-31","2026-04-16","US4165186036","HIG","HARTFORD FINANCIAL SERVICES GROUP","Financial Institutions",24.61,25.02,1.666,0.96143,0.1744,0.1699,-0.00451,-626601.0,"BUY"
"2026-03-31","2026-04-16","US1746106004","CFG","CITIZENS FINANCIAL GROUP INC","Financial Institutions",25.37,25.9,2.089,0.96544,0.2085,0.2039,-0.00454,-631634.0,"BUY"
"2026-03-31","2026-04-16","US05580M8192","RILY","B. RILEY FINANCIAL INC","Financial Institutions",16.15,16.25,0.619,0.95154,0.1269,0.1223,-0.00455,-633307.0,"BUY"
"2026-03-31","2026-04-16","US90187B5075","TWO","TWO HARBORS INVESTMENT CORP","Financial Institutions",24.79,24.91,0.484,0.95026,0.123,0.1184,-0.00457,-635560.0,"BUY"
"2026-03-31","2026-04-16","US62913M2061","NGL","NGL ENERGY PARTNERS LP","Industrial",24.68,25.05,1.499,0.95986,0.1717,0.167,-0.00472,-655840.0,"BUY"
"2026-03-31","2026-04-16","US05990K8412","BANC","BANC OF CALIFORNIA INC","Financial Institutions",24.86,25.47,2.454,0.96888,0.2621,0.2573,-0.00479,-666811.0,"BUY"
"2026-03-31","2026-04-16","US8425878837","SO","SOUTHERN COMPANY (THE)","Utility",16.95,17.36,2.419,0.96855,0.2611,0.2563,-0.00487,-677080.0,"BUY"
"2026-03-31","2026-04-16","US61762V6065","MS","MORGAN STANLEY","Financial Institutions",23.37,24.14,3.295,0.97684,0.4801,0.4751,-0.00492,-684251.0,"BUY"
"2026-03-31","2026-04-16","US00123Q6098","AGNC","AGNC INVESTMENT CORP","Financial Institutions",24.58,24.58,0.0,0.94568,0.1191,0.1141,-0.00498,-692718.0,"BUY"
"2026-03-31","2026-04-16","US72348N5059","PNFP","PINNACLE FINANCIAL PARTNERS DEPOSI","Financial Institutions",24.97,24.91,-0.24,0.94341,0.1154,0.1103,-0.00509,-707693.0,"BUY"
"2026-03-31","2026-04-16","US00123Q5009","AGNC","AGNC INVESTMENT CORP","Financial Institutions",25.17,25.46,1.152,0.95658,0.168,0.1629,-0.00517,-719095.0,"BUY"
"2026-03-31","2026-04-16","US31959X4007","FCNCA","FIRST CITIZENS BANCSHARES INC (DEL","Financial Institutions",24.72,25.13,1.659,0.96136,0.2031,0.1979,-0.00526,-732108.0,"BUY"
"2026-03-31","2026-04-16","US12542R3084","CHSINC","CHS CUMULATIVE REDEEMABLE PREF CLA","Industrial",25.73,26.35,2.41,0.96847,0.2836,0.2782,-0.00531,-738552.0,"BUY"
"2026-03-31","2026-04-16","US2836782092","KMI","EL PASO ENERGY CAPITAL TRUST I","Industrial",50.75,50.47,-0.552,0.94046,0.1149,0.1095,-0.00541,-752663.0,"BUY"
"2026-03-31","2026-04-16","US61747S5047","MS","MORGAN STANLEY","Financial Institutions",18.93,19.49,2.958,0.97366,0.4277,0.422,-0.00576,-801236.0,"BUY"
"2026-03-31","2026-04-16","US8805913006","TVA","TENN VALLEY AUTHORITY","Agency",24.5,24.4,-0.408,0.94182,0.1291,0.1232,-0.00591,-821520.0,"BUY"
"2026-03-31","2026-04-16","US25401T3068","DBRG","DIGITALBRIDGE GROUP INC","Financial Institutions",16.48,16.15,-2.002,0.92674,0.0983,0.0923,-0.006,-834425.0,"BUY"
"2026-03-31","2026-04-16","US4461508230","HBAN","HUNTINGTON BANCSHARES DRC INC","Financial Institutions",17.04,17.17,0.763,0.95289,0.175,0.169,-0.00604,-840090.0,"BUY"
"2026-03-31","2026-04-16","US88224Q3056","TCBI","TEXAS CAP BANCSHARES DRC INC","Financial Institutions",22.09,22.03,-0.272,0.94311,0.1361,0.1301,-0.00604,-840613.0,"BUY"
"2026-03-31","2026-04-16","US0357108705","NLY","ANNALY CAPITAL MANAGEMENT INC","Financial Institutions",25.14,25.81,2.665,0.97088,0.3718,0.3658,-0.00605,-842046.0,"BUY"
"2026-03-31","2026-04-16","US65339K8606","NEE","NEXTERA ENERGY CAPITAL HOLDINGS IN","Utility",22.86,23.41,2.406,0.96843,0.3228,0.3168,-0.00606,-842628.0,"BUY"
"2026-03-31","2026-04-16","US1729672428","C","CITIGROUP INC","Financial Institutions",24.65,25.34,2.799,0.97215,0.4051,0.399,-0.00607,-844235.0,"BUY"
"2026-03-31","2026-04-16","US59156R5046","MET","METLIFE INC","Financial Institutions",20.72,21.11,1.882,0.96348,0.2554,0.2493,-0.00607,-844718.0,"BUY"
"2026-03-31","2026-04-16","US25401T4058","DBRG","DIGITALBRIDGE GROUP .15 CUMULATIVE","Financial Institutions",16.25,16.0,-1.538,0.93113,0.1074,0.1013,-0.00608,-845122.0,"BUY"
"2026-03-31","2026-04-16","US0640588457","BK","BANK OF NEW YORK MELLON CORP/THE","Financial Institutions",25.0,25.47,1.88,0.96346,0.2568,0.2507,-0.00611,-850290.0,"BUY"
"2026-03-31","2026-04-16","US21871X2080","CRBG","COREBRIDGE FINANCIAL INC","Financial Institutions",22.77,23.24,2.064,0.9652,0.2806,0.2745,-0.00619,-860851.0,"BUY"
"2026-03-31","2026-04-16","US48128B6222","JPM","JPMORGAN CHASE & CO","Financial Institutions",19.49,19.99,2.565,0.96994,0.3603,0.3541,-0.00621,-863751.0,"BUY"
"2026-03-31","2026-04-16","US8606308620","SF","STIFEL FINANCIAL CORP","Financial Institutions",17.2,16.9,-1.744,0.92919,0.1065,0.1003,-0.00624,-867169.0,"BUY"
"2026-03-31","2026-04-16","US05461T3059","AXS","AXIS CAPITAL HOLDINGS LTD","Financial Institutions",19.4,19.67,1.392,0.95884,0.2195,0.2132,-0.00625,-869072.0,"BUY"
"2026-03-31","2026-04-16","US90187B3096","TWO","TWO HARBORS INVESTMENT CORP","Financial Institutions",24.98,24.81,-0.681,0.93924,0.1303,0.124,-0.0063,-876076.0,"BUY"
"2026-03-31","2026-04-16","US06055H2022","BAC","BANK OF AMERICA CORPORATION DEPOSI","Financial Institutions",20.17,20.7,2.628,0.97053,0.3821,0.3758,-0.00635,-883821.0,"BUY"
"2026-03-31","2026-04-16","US4932677028","KEY","KEYCORP","Financial Institutions",24.7,25.13,1.741,0.96214,0.2537,0.2473,-0.00638,-887513.0,"BUY"
"2026-03-31","2026-04-16","US3205178409","FHN","FIRST HORIZON CORP","Financial Institutions",24.75,25.01,1.051,0.95561,0.2038,0.1973,-0.00647,-900005.0,"BUY"
"2026-03-31","2026-04-16","US55261F8648","MTB","M T BK DEP INT PERP PFD STK SER J","Financial Institutions",25.63,26.31,2.653,0.97077,0.3949,0.3884,-0.00648,-900772.0,"BUY"
"2026-03-31","2026-04-16","US97650W7020","WTFC","WINTRUST FINANCIAL CORPORATION","Financial Institutions",25.77,26.12,1.358,0.95852,0.225,0.2185,-0.00648,-901609.0,"BUY"
"2026-03-31","2026-04-16","US06055H8060","BAC","BANK OF AMERICA CORP","Financial Institutions",17.0,17.38,2.235,0.96682,0.3202,0.3137,-0.00653,-908747.0,"BUY"
"2026-03-31","2026-04-16","US8935266812","TRPCN","TRANSCANADA PIPELINES LTD","Industrial",23.72,23.85,0.548,0.95086,0.1803,0.1737,-0.00659,-916470.0,"BUY"
"2026-03-31","2026-04-16","US7593518027","RGA","REINSURANCE GROUP OF AMERICA INCOR","Financial Institutions",24.92,25.17,1.003,0.95517,0.2048,0.1982,-0.0066,-917785.0,"BUY"
"2026-03-31","2026-04-16","US1746108083","CFG","CITIZENS FINANCIAL GROUP INC","Financial Institutions",24.86,25.1,0.965,0.95481,0.2043,0.1976,-0.00665,-924896.0,"BUY"
"2026-03-31","2026-04-16","US12542R8034","CHSINC","CHS INC","Industrial",25.26,25.7,1.742,0.96215,0.2685,0.2618,-0.00675,-938637.0,"BUY"
"2026-03-31","2026-04-16","US5949728795","MSTR","STRATEGY INC","Industrial",95.74,98.83,3.227,0.9762,0.6313,0.6245,-0.00688,-957008.0,"BUY"
"2026-03-31","2026-04-16","US06055H6080","BAC","BANK OF AMERICA DRC CORP","Financial Institutions",16.64,16.82,1.082,0.95591,0.219,0.2121,-0.00689,-958086.0,"BUY"
"2026-03-31","2026-04-16","US14040H8245","COF","CAPITAL ONE FINANCIAL CORPORATION","Financial Institutions",18.65,19.23,3.11,0.97509,0.5746,0.5677,-0.00691,-960506.0,"BUY"
"2026-03-31","2026-04-16","US80620A2087","EIX","SCE TRUST VIII","Utility",23.68,23.7,0.084,0.94648,0.1703,0.1633,-0.00698,-971179.0,"BUY"
"2026-03-31","2026-04-16","US00123Q8078","AGNC","AGNC INVESTMENT CORP","Financial Institutions",24.96,25.16,0.801,0.95326,0.2064,0.1993,-0.00704,-979205.0,"BUY"
"2026-03-31","2026-04-16","US00123Q8318","AGNC","AGNC INVESTMENT CORP","Financial Institutions",25.18,25.22,0.159,0.94718,0.1784,0.1713,-0.00719,-999442.0,"BUY"
"2026-03-31","2026-04-16","BMG053842040","AHL","ASPEN INSURANCE HOLDINGS LTD","Financial Institutions",20.83,20.52,-1.488,0.93161,0.1288,0.1216,-0.00722,-1004817.0,"BUY"
"2026-03-31","2026-04-16","US30190A2033","FG","F&G ANNUITIES & LIFE INC","Financial Institutions",24.91,24.93,0.08,0.94644,0.1765,0.1693,-0.00725,-1007677.0,"BUY"
"2026-03-31","2026-04-16","US94988U6560","WFC","WELLS FARGO & COMPANY","Financial Institutions",23.53,24.01,2.04,0.96497,0.3336,0.3261,-0.00743,-1033585.0,"BUY"
"2026-03-31","2026-04-16","US8606308703","SF","STIFEL FINANCIAL CORP","Financial Institutions",23.99,23.34,-2.709,0.92006,0.1109,0.1034,-0.00751,-1044706.0,"BUY"
"2026-03-31","2026-04-16","US14314C1053","CG","CARLYLE FINANCE LLC","Financial Institutions",17.5,17.48,-0.114,0.9446,0.1797,0.172,-0.00772,-1073169.0,"BUY"
"2026-03-31","2026-04-16","US8726521029","TPG","TPG OPERATING GROUP II LP","Financial Institutions",24.98,25.09,0.44,0.94984,0.2053,0.1975,-0.00772,-1073531.0,"BUY"
"2026-03-31","2026-04-16","US0200027888","ALL","ALLSTATE DEP REPSTG  TH NON CUM PE","Financial Institutions",25.44,25.89,1.769,0.96241,0.3135,0.3057,-0.00779,-1084085.0,"BUY"
"2026-03-31","2026-04-16","US8629452017","ASSE","STRIVE INC","Industrial",99.73,99.26,-0.471,0.94122,0.17,0.1621,-0.00788,-1096147.0,"BUY"
"2026-03-31","2026-04-16","US3167736053","FITB","FIFTH THIRD BANCORP DEPOSITARY SHA","Financial Institutions",25.17,25.32,0.596,0.95132,0.2327,0.2243,-0.0084,-1168821.0,"BUY"
"2026-03-31","2026-04-16","US59156R8768","MET","METLIFE INC","Financial Institutions",22.44,22.88,1.961,0.96422,0.3711,0.3625,-0.00855,-1188453.0,"BUY"
"2026-03-31","2026-04-16","US7472624003","QVCN","QVC INC","Industrial",10.51,10.1,-3.901,0.90879,0.108,0.0994,-0.00855,-1189168.0,"BUY"
"2026-03-31","2026-04-16","US7838922018","EIX","SCE TRUST VII","Utility",24.48,24.75,1.103,0.95611,0.2766,0.2679,-0.00864,-1201520.0,"BUY"
"2026-03-31","2026-04-16","US0158578080","AQNCN","ALGONQUIN POWER & UTILITIES CORP","Utility",26.08,25.95,-0.498,0.94097,0.1875,0.1788,-0.00873,-1214559.0,"BUY"
"2026-03-31","2026-04-16","US8425878670","SO","SOUTHERN COMPANY (THE)","Utility",24.89,25.19,1.205,0.95708,0.2889,0.2801,-0.00874,-1215532.0,"BUY"
"2026-03-31","2026-04-16","US04686J8615","ATH","ATHENE HOLDING DS REPRESENTING   P","Financial Institutions",23.63,24.14,2.158,0.96609,0.4187,0.4098,-0.00885,-1230738.0,"BUY"
"2026-03-31","2026-04-16","US61762V8616","MS","MORGAN STANLEY","Financial Institutions",17.17,17.57,2.33,0.96771,0.4585,0.4496,-0.00894,-1242715.0,"BUY"
"2026-03-31","2026-04-16","US3196263053","FCNCA","FIRST CITIZENS BANCSHARES INC.","Financial Institutions",21.58,21.19,-1.807,0.92859,0.1529,0.1439,-0.00904,-1257489.0,"BUY"
"2026-03-31","2026-04-16","US5341878859","LNC","LINCOLN NATIONAL CORPORATION","Financial Institutions",26.14,26.35,0.803,0.95328,0.2688,0.2597,-0.00917,-1275574.0,"BUY"
"2026-03-31","2026-04-16","US0200023093","ALL","ALLSTATE CORPORATION (THE)","Financial Institutions",25.76,25.95,0.738,0.95266,0.2646,0.2554,-0.00919,-1278351.0,"BUY"
"2026-03-31","2026-04-16","US03769M2052","APO","APOLLO GLOBAL MANAGEMENT INC","Financial Institutions",25.43,25.75,1.258,0.95758,0.3134,0.3041,-0.00933,-1297332.0,"BUY"
"2026-03-31","2026-04-16","US55261F8499","MTB","M&T BANK CORPORATION","Financial Institutions",25.08,25.12,0.159,0.94719,0.2318,0.2225,-0.00934,-1298590.0,"BUY"
"2026-03-31","2026-04-16","US0605051954","BAC","BANK OF AMERICA DEP REPRESENTING","Financial Institutions",24.6,24.88,1.138,0.95644,0.3038,0.2944,-0.00939,-1305705.0,"BUY"
"2026-03-31","2026-04-16","US8085136005","SCHW","CHARLES SCHWAB CORPORATION (THE)","Financial Institutions",24.26,24.68,1.731,0.96205,0.3738,0.3643,-0.00943,-1311351.0,"BUY"
"2026-03-31","2026-04-16","US61761J4067","MS","MORGAN STANLEY DS REPRESENTING   F","Financial Institutions",24.56,25.15,2.402,0.9684,0.5045,0.495,-0.00948,-1318507.0,"BUY"
"2026-03-31","2026-04-16","US00123Q8722","AGNC","AGNC INVESTMENT CORP","Financial Institutions",24.27,24.48,0.865,0.95386,0.2867,0.2771,-0.00961,-1337037.0,"BUY"
"2026-03-31","2026-04-16","US06055H4002","BAC","BANK OF AMERICA CORP","Financial Institutions",17.56,17.68,0.683,0.95214,0.2734,0.2638,-0.00964,-1340649.0,"BUY"
"2026-03-31","2026-04-16","US65339K8291","NEE","NEXTERA ENERGY CAPITAL HOLDINGS IN","Utility",24.89,24.97,0.321,0.94872,0.2498,0.2401,-0.00968,-1345804.0,"BUY"
"2026-03-31","2026-04-16","US06053U6010","BAC","BANK AMER DS REPRESENTING   NON CU","Financial Institutions",21.65,22.08,1.986,0.96446,0.4363,0.4263,-0.00994,-1382906.0,"BUY"
"2026-03-31","2026-04-16","US95002Y2028","WFC","WELLS FARGO & COMPANY","Financial Institutions",17.45,17.73,1.605,0.96085,0.3764,0.3665,-0.00995,-1384029.0,"BUY"
"2026-03-31","2026-04-16","US0605052291","BAC","BANK OF AMERICA CORP","Financial Institutions",24.73,25.27,2.184,0.96633,0.4874,0.4772,-0.01018,-1415879.0,"BUY"
"2026-03-31","2026-04-16","US26441C5013","DUK","DUKE ENERGY CORP","Utility",24.3,24.84,2.222,0.9667,0.4992,0.4889,-0.01024,-1424431.0,"BUY"
"2026-03-31","2026-04-16","US04686J5074","ATH","ATHENE HLDG LTD DEP SHR REPSTG   I","Financial Institutions",24.86,24.9,0.161,0.9472,0.2553,0.245,-0.01028,-1430392.0,"BUY"
"2026-03-31","2026-04-16","US38144G8042","GS","GOLDMAN SACHS GROUP INC","Financial Institutions",19.06,19.5,2.308,0.96751,0.5285,0.5181,-0.01041,-1448267.0,"BUY"
"2026-03-31","2026-04-16","US9497468044","WFC","WELLS FARGO & COMPANY SERIES L","Financial Institutions",1155.0,1200.0,3.896,0.98252,2.3289,2.3185,-0.01045,-1452723.0,"BUY"
"2026-03-31","2026-04-16","US3167738372","FITB","FIFTH THIRD BANCORP DEPOSITARY SHA","Financial Institutions",26.06,25.83,-0.883,0.93733,0.2141,0.2034,-0.01076,-1496846.0,"BUY"
"2026-03-31","2026-04-16","US00206R5081","T","AT&T INC","Industrial",19.64,20.0,1.833,0.96301,0.4841,0.4724,-0.01174,-1633038.0,"BUY"
"2026-03-31","2026-04-16","US48128B5232","JPM","JPMORGAN CHASE AND CO DS REPSTG  T","Financial Institutions",17.5,17.95,2.571,0.97,0.719,0.7066,-0.01235,-1717687.0,"BUY"
"2026-03-31","2026-04-16","US65339K8374","NEE","NEXTERA ENERGY CAPITAL HOLDINGS IN","Utility",24.81,25.16,1.411,0.95902,0.446,0.4333,-0.01262,-1754652.0,"BUY"
"2026-03-31","2026-04-16","US95002Y4008","WFC","WELLS FARGO & COMPANY","Financial Institutions",17.25,17.48,1.333,0.95829,0.443,0.4301,-0.01286,-1788653.0,"BUY"
"2026-03-31","2026-04-16","US61762V8533","MS","MORGAN STANLEY","Financial Institutions",24.87,25.28,1.649,0.96127,0.5109,0.4976,-0.01329,-1848561.0,"BUY"
"2026-03-31","2026-04-16","US61762V8384","MS","MORGAN STANLEY","Financial Institutions",25.24,25.63,1.545,0.96029,0.5185,0.5045,-0.014,-1947452.0,"BUY"
"2026-03-31","2026-04-16","US69351T8669","PPL","PPL CORPORATION","Utility",51.03,51.96,1.822,0.96291,0.604,0.5893,-0.01471,-2045997.0,"BUY"
"2026-03-31","2026-04-16","US48128B5802","JPM","JPMORGAN CHASE DRC","Financial Institutions",18.8,19.12,1.702,0.96178,0.5793,0.5645,-0.01477,-2054705.0,"BUY"
"2026-03-31","2026-04-16","US94988U1280","WFC","WELLS FARGO & COMPANY","Financial Institutions",18.88,19.06,0.953,0.9547,0.4538,0.439,-0.01483,-2062319.0,"BUY"
"2026-03-31","2026-04-16","US61763E2072","MS","MORGAN STANLEY DS","Financial Institutions",25.05,25.21,0.639,0.95172,0.4374,0.4218,-0.01561,-2171380.0,"BUY"
"2026-03-31","2026-04-16","US00206R3003","T","AT&T INC","Industrial",21.26,21.56,1.411,0.95902,0.5776,0.5612,-0.01634,-2272634.0,"BUY"
"2026-03-31","2026-04-16","US61762V2007","MS","MORGAN STANLEY","Financial Institutions",25.17,25.3,0.516,0.95056,0.4459,0.4295,-0.01644,-2285934.0,"BUY"
"2026-03-31","2026-04-16","US7593518852","RGA","REINSURANCE GROUP OF AMERICA INCOR","Financial Institutions",25.41,25.31,-0.394,0.94196,0.3654,0.3487,-0.01666,-2317194.0,"BUY"
"2026-03-31","2026-04-16","US00206R7061","T","AT&T INC","Industrial",18.4,18.68,1.522,0.96007,0.6614,0.6434,-0.01802,-2506119.0,"BUY"
"2026-03-31","2026-04-16","US6378703044","NSA PR B","NATIONAL STORAGE AFFILIATES    CUM","Financial Institutions",40.0,32.88,-17.8,0.77735,0.0875,0.0689,-0.01859,-2585367.0,"BUY"
"2026-03-31","2026-04-16","US0605051798","BAC","BANK OF AMERICA CORP","Financial Institutions",25.57,25.41,-0.626,0.93976,0.391,0.3723,-0.01869,-2599726.0,"BUY"
"2026-03-31","2026-04-16","US48128B5497","JPM","JPMORGAN CHASE NON-CUMULATIVE PREF","Financial Institutions",19.12,19.42,1.569,0.96052,0.7266,0.7071,-0.01947,-2707118.0,"BUY"
"2026-03-31","2026-04-16","US98389B8789","XEL","XCEL ENERGY INC","Utility",24.68,24.65,-0.122,0.94453,0.4562,0.4366,-0.01961,-2726690.0,"BUY"
"2026-03-31","2026-04-16","US5949728613","MSTR","STRATEGY INC","Industrial",75.85,76.11,0.343,0.94892,0.5464,0.5254,-0.02106,-2928622.0,"BUY"
"2026-03-31","2026-04-16","US48128B6552","JPM","JPMORGAN CHASE & CO","Financial Institutions",24.2,24.61,1.694,0.9617,0.8432,0.8216,-0.02157,-2999588.0,"BUY"
"2026-03-31","2026-04-16","US48128B6487","JPM","JPMORGAN CHASE & CO","Financial Institutions",24.81,25.28,1.894,0.96359,0.9428,0.9205,-0.02231,-3103270.0,"BUY"
"2026-03-31","2026-04-16","US1730802014","C","CITIGROUP CAPITAL XIII","Financial Institutions",29.35,30.09,2.521,0.96952,1.3541,1.3302,-0.02391,-3325700.0,"BUY"
"2026-03-31","2026-04-16","BMG1624R1079","BPY","BROOKFIELD PROPERTY PREFERRED PREF","Industrial",17.4,16.33,-6.149,0.88753,0.2399,0.2157,-0.02416,-3360625.0,"BUY"
"2026-03-31","2026-04-16","US94988U1512","WFC","WELLS FARGO & COMPANY","Financial Institutions",19.0,19.21,1.105,0.95613,0.7856,0.761,-0.02453,-3411232.0,"BUY"
"2026-03-31","2026-04-16","US0605056821","BAC","BANK OF AMERICA CORP","Financial Institutions",1191.56,1217.41,2.169,0.9662,1.349,1.3207,-0.02837,-3946096.0,"BUY"
"2026-03-31","2026-04-16","US69331C3060","PCG","PG&E CORPORATION","Utility",42.99,42.97,-0.047,0.94524,0.7109,0.6808,-0.03005,-4178841.0,"BUY"
"2026-03-31","2026-04-16","US65339F1194","NEE","NEXTERA ENERGY UNITS INC","Utility",52.54,51.99,-1.047,0.93578,0.8095,0.7675,-0.04196,-5836169.0,"BUY"
"2026-03-31","2026-04-16","US8425878423","SO","SOUTHERN COMPANY (THE)","Utility",51.4,51.45,0.097,0.9466,1.0611,1.0177,-0.04338,-6033717.0,"BUY"
"2026-03-31","2026-04-16","US65339F6631","NEE","NEXTERA ENERGY UNITS INC","Utility",55.98,55.94,-0.071,0.945,1.1499,1.101,-0.04887,-6796734.0,"BUY"
"2026-03-31","2026-04-16","US65339F6557","NEE","NEXTERA ENERGY INC","Utility",50.14,50.01,-0.259,0.94323,1.187,1.1344,-0.05258,-7312584.0,"BUY"
"2026-03-31","2026-04-16","US0669224778","XTSLA","BLK CSH FND TREASURY SL AGENCY","Cash and/or Derivatives",1.0,1.0,0.0,0.94568,1.2858,1.232,-0.05377,-7478062.0,"BUY"
"2026-03-31","2026-04-16","US5949728530","MSTR","STRATEGY INC","Industrial",100.02,99.06,-0.96,0.9366,2.5833,2.4515,-0.13179,-18328351.0,"BUY"
"2026-03-31","2026-04-16","-","USD","USD CASH","Cash and/or Derivatives",100.0,100.0,0.0,0.94568,-0.3471,-33.2575,-32.91038,-4577050043.0,"BUY"
